Frame,integer_adm2_egl_1,integer_adm_scale0_egl_1,integer_adm_scale1_egl_1,integer_adm_scale2_egl_1,integer_adm_scale3_egl_1,integer_motion2,integer_motion,integer_vif_scale0_egl_1,integer_vif_scale1_egl_1,integer_vif_scale2_egl_1,integer_vif_scale3_egl_1,psnr_y,psnr_cb,psnr_cr,float_ssim,vmaf,
0,0.689205,0.745817,0.600378,0.624937,0.773952,0.000000,0.000000,0.134594,0.326652,0.438999,0.500613,20.263539,26.210183,28.527261,0.749441,10.627973,
1,0.694391,0.748787,0.607381,0.629328,0.779076,4.143696,4.183528,0.134492,0.324674,0.437418,0.499728,20.293449,26.188024,28.456967,0.749995,14.457280,
2,0.692013,0.747341,0.599624,0.631024,0.775129,4.143696,4.143696,0.134569,0.327352,0.441064,0.502928,20.280618,26.113694,28.345793,0.749799,14.127524,
3,0.687223,0.751262,0.602157,0.621220,0.768260,4.176044,4.234938,0.135707,0.328562,0.440862,0.499804,20.248070,26.118220,28.369007,0.751641,13.345762,
4,0.688792,0.751450,0.602071,0.623376,0.769981,4.176044,4.176044,0.136809,0.328876,0.441612,0.501643,20.324943,26.111238,28.481166,0.752422,13.591633,
5,0.691297,0.750856,0.608489,0.621997,0.773739,4.221173,4.221173,0.136398,0.325966,0.437287,0.496125,20.339751,26.099860,28.442169,0.751303,13.917983,
6,0.684605,0.745542,0.608311,0.610838,0.766831,4.190485,4.228703,0.135147,0.323569,0.434880,0.494209,20.258572,26.124659,28.488502,0.751150,13.024710,
7,0.691555,0.746358,0.604642,0.617527,0.780721,4.190485,4.190485,0.137628,0.330348,0.442915,0.504624,20.374867,26.145544,28.568243,0.756428,14.010398,
8,0.681025,0.746770,0.601629,0.615928,0.757491,4.246238,4.311579,0.133689,0.323963,0.434868,0.493380,20.206051,26.113798,28.605461,0.751216,12.558936,
9,0.688960,0.752217,0.604529,0.620943,0.771496,4.246238,4.246238,0.134557,0.324681,0.437215,0.496920,20.285966,26.100258,28.579809,0.751167,13.705586,
10,0.688756,0.748836,0.604658,0.619746,0.772912,4.258768,4.258768,0.134626,0.325404,0.438442,0.499131,20.305652,26.104387,28.472009,0.751904,13.724387,
11,0.689210,0.750328,0.606537,0.623347,0.770091,4.252124,4.331033,0.133839,0.324048,0.437385,0.497048,20.275898,26.150245,28.511709,0.751930,13.778596,
12,0.685348,0.745132,0.599467,0.623071,0.764802,4.252124,4.252124,0.134556,0.325082,0.438172,0.498293,20.278782,26.107182,28.576805,0.751970,13.240639,
13,0.687271,0.739571,0.599056,0.622233,0.773412,4.230080,4.309847,0.132482,0.323373,0.435324,0.492877,20.219973,26.088523,28.712777,0.750319,13.416985,
14,0.689981,0.741892,0.609279,0.621180,0.775312,4.230080,4.230080,0.132272,0.322780,0.434043,0.491590,20.250630,26.096302,28.586656,0.749650,13.774950,
15,0.696401,0.747677,0.608385,0.628590,0.784550,4.266311,4.266311,0.131764,0.321257,0.433102,0.492479,20.229597,26.064818,28.740792,0.747844,14.770019,
16,0.687463,0.749453,0.609816,0.618021,0.767934,4.177805,4.289475,0.133537,0.323136,0.436988,0.500345,20.248378,26.039402,28.655591,0.750883,13.614512,
17,0.688973,0.750791,0.604887,0.618099,0.773735,4.177805,4.177805,0.132609,0.321455,0.433530,0.496518,20.265193,26.053196,28.704149,0.749370,13.782510,
18,0.687301,0.748985,0.612350,0.613910,0.770186,4.277810,4.289626,0.132935,0.321623,0.435213,0.502481,20.241437,26.053972,28.727740,0.748270,13.791674,
19,0.680975,0.749459,0.614330,0.610097,0.755377,4.277810,4.277810,0.133002,0.321286,0.433812,0.496920,20.266742,26.117925,28.687880,0.747336,12.781490,
20,0.683797,0.749372,0.613733,0.609072,0.764200,4.225203,4.298135,0.132594,0.320469,0.432949,0.496314,20.217092,26.114726,28.530767,0.745841,13.142543,
21,0.690062,0.745657,0.612086,0.619060,0.774089,4.225203,4.225203,0.134878,0.324857,0.437827,0.499213,20.269783,26.161234,28.638179,0.750798,13.897305,
22,0.685940,0.752169,0.606954,0.619283,0.763753,4.313762,4.372040,0.135317,0.326386,0.439152,0.501782,20.266478,26.076065,28.495515,0.751604,13.414273,
23,0.680946,0.749597,0.603750,0.611614,0.760145,4.313762,4.313762,0.134445,0.325070,0.438889,0.502093,20.225573,26.095861,28.493289,0.750872,12.798220,
24,0.683900,0.751751,0.609906,0.610011,0.764774,4.266847,4.331925,0.133740,0.322858,0.437198,0.500086,20.222431,26.083902,28.482915,0.747658,13.195201,
25,0.688573,0.749928,0.607397,0.621696,0.767822,4.266847,4.266847,0.134118,0.323473,0.437189,0.497174,20.229837,26.133808,28.506905,0.751634,13.723700,
26,0.689258,0.748673,0.609317,0.619259,0.771423,4.299096,4.392347,0.132104,0.322314,0.437361,0.498854,20.210307,26.120304,28.585068,0.751545,13.954581,
27,0.687124,0.746289,0.607258,0.612013,0.775320,4.299096,4.299096,0.132293,0.323478,0.437110,0.497243,20.209021,26.073175,28.597131,0.750238,13.571886,
28,0.681419,0.749152,0.608793,0.615222,0.756201,4.295869,4.379281,0.134221,0.326010,0.439343,0.498242,20.226684,26.083713,28.473531,0.751264,12.706565,
29,0.680849,0.753012,0.612266,0.614593,0.752275,4.295869,4.295869,0.133295,0.323368,0.435607,0.493823,20.194683,26.096436,28.453984,0.749239,12.610456,
30,0.681056,0.751978,0.615301,0.615826,0.751102,4.359880,4.380836,0.135038,0.324621,0.438066,0.498427,20.249362,26.059915,28.483294,0.751152,12.752180,
31,0.685279,0.747200,0.613789,0.614530,0.766754,4.318992,4.359880,0.133713,0.323422,0.435208,0.493763,20.205132,26.094680,28.513654,0.750848,13.222252,
32,0.686900,0.741592,0.611869,0.617479,0.770256,4.238091,4.318992,0.134670,0.325335,0.436486,0.493798,20.248467,26.077958,28.533944,0.753059,13.303197,
33,0.693781,0.746619,0.612904,0.627681,0.777134,4.238091,4.238091,0.135785,0.327579,0.440170,0.500408,20.288298,26.083901,28.480732,0.752676,14.347624,
34,0.694049,0.739767,0.609958,0.630549,0.777984,4.321673,4.336400,0.135670,0.328515,0.441795,0.502628,20.275473,26.073989,28.582016,0.753259,14.482620,
35,0.690223,0.746678,0.611023,0.629383,0.764918,4.252666,4.321673,0.135588,0.327905,0.440119,0.498645,20.293859,26.108623,28.532222,0.752467,13.807224,
36,0.695227,0.752532,0.609883,0.628271,0.776420,4.252666,4.252666,0.137437,0.328925,0.440602,0.498762,20.346430,26.180098,28.505586,0.753623,14.444522,
37,0.688625,0.744610,0.604933,0.628466,0.764918,4.216132,4.528132,0.132970,0.322842,0.434181,0.492076,20.212184,26.076456,28.449066,0.748104,13.582708,
38,0.687900,0.748159,0.607178,0.619108,0.768725,4.216132,4.216132,0.134393,0.326915,0.438699,0.496902,20.310819,26.053700,28.485274,0.752955,13.458463,
39,0.683293,0.746163,0.600176,0.616257,0.763674,4.366410,4.366410,0.134866,0.325440,0.437734,0.497669,20.260555,26.063899,28.510641,0.753090,13.012545,
40,0.685493,0.747042,0.603461,0.616470,0.767469,4.252495,4.404760,0.134649,0.325837,0.439213,0.499329,20.269637,26.004168,28.623735,0.751941,13.262433,
41,0.684987,0.747929,0.609042,0.610430,0.768267,4.252495,4.252495,0.136380,0.326345,0.438053,0.497255,20.285599,26.080956,28.624488,0.753611,13.096082,
42,0.687221,0.751196,0.608152,0.612352,0.772551,4.352244,4.453195,0.135605,0.324891,0.437385,0.498851,20.286262,26.065171,28.580055,0.751923,13.584416,
43,0.687983,0.748128,0.606299,0.612761,0.773863,4.317799,4.352244,0.137239,0.328531,0.439604,0.497728,20.328566,26.082463,28.612715,0.754230,13.481598,
44,0.692851,0.743045,0.607418,0.619735,0.781115,4.317799,4.317799,0.136082,0.328208,0.440818,0.501605,20.275718,26.085545,28.626503,0.752997,14.289827,
45,0.695479,0.751220,0.604302,0.630943,0.779238,4.329440,4.403574,0.134805,0.325695,0.438336,0.500825,20.267530,26.089304,28.613425,0.751645,14.741753,
46,0.692604,0.750014,0.603910,0.620885,0.780628,4.296791,4.329440,0.135675,0.328361,0.440746,0.500988,20.281471,26.129982,28.544468,0.754694,14.220446,
47,0.693667,0.748293,0.608935,0.625308,0.778382,4.296791,4.296791,0.135054,0.326607,0.438766,0.497744,20.262828,26.106774,28.621626,0.753128,14.341101,
48,0.689706,0.743476,0.607893,0.618849,0.774877,4.303929,4.407040,0.134880,0.324715,0.436803,0.497853,20.252205,26.095363,28.674073,0.750865,13.874007,
49,0.690141,0.753355,0.615349,0.621193,0.767062,4.282989,4.303929,0.135965,0.327572,0.439304,0.498074,20.301965,26.145921,28.713083,0.753503,13.809971,
50,0.685393,0.751354,0.607071,0.618654,0.763456,4.282989,4.282989,0.134904,0.325770,0.436416,0.492878,20.284576,26.140273,28.689035,0.753064,13.087036,
51,0.685864,0.750480,0.608195,0.621795,0.761831,4.297048,4.297740,0.135624,0.324953,0.434583,0.493011,20.281393,26.097507,28.547191,0.751555,13.187864,
52,0.684696,0.751796,0.607042,0.622797,0.758071,4.297048,4.297048,0.134688,0.325530,0.435612,0.493062,20.265567,26.129143,28.609164,0.752188,13.019229,
53,0.695174,0.747019,0.611626,0.630819,0.777880,4.307144,4.307144,0.136799,0.330238,0.439859,0.498264,20.344035,26.154747,28.476422,0.754852,14.424603,
54,0.684716,0.745351,0.595972,0.611252,0.774795,4.347281,4.347281,0.133376,0.323327,0.432084,0.491524,20.247988,26.162482,28.546401,0.749821,13.112441,
55,0.685369,0.751604,0.600425,0.615596,0.766849,4.337226,4.352931,0.135598,0.326793,0.437563,0.496926,20.313047,26.129192,28.656406,0.753250,13.195942,
56,0.691214,0.745264,0.604872,0.614899,0.781332,4.337226,4.337226,0.133804,0.324072,0.436108,0.493099,20.276112,26.114021,28.600952,0.749134,14.004268,
57,0.693316,0.746416,0.601299,0.617884,0.786939,4.376933,4.376933,0.134334,0.326357,0.438837,0.496560,20.266855,26.068091,28.582740,0.749775,14.336082,
58,0.692808,0.751952,0.607678,0.630152,0.770894,4.410045,4.410045,0.135372,0.326978,0.439480,0.498449,20.323913,26.098809,28.508532,0.751617,14.312967,
59,0.692896,0.745953,0.602188,0.623672,0.780829,4.426474,4.503894,0.134251,0.325193,0.438057,0.499272,20.288740,26.048916,28.427711,0.750048,14.437333,
60,0.687753,0.753947,0.599626,0.615641,0.770935,4.426474,4.426474,0.136001,0.327434,0.439199,0.498383,20.296166,26.075266,28.447172,0.751771,13.604723,
61,0.694803,0.751806,0.598039,0.633455,0.775977,4.477408,4.477408,0.136433,0.327486,0.439358,0.496728,20.315574,26.110318,28.526888,0.752905,14.559925,
62,0.692943,0.746306,0.595597,0.623108,0.781170,4.526395,4.526395,0.135395,0.327452,0.440787,0.500380,20.250570,26.091175,28.604161,0.752644,14.460263,
63,0.696791,0.751794,0.602408,0.621988,0.787269,4.550384,4.569063,0.138665,0.332132,0.444644,0.505068,20.399641,26.156717,28.569537,0.758008,14.952912,
64,0.693053,0.750819,0.607248,0.619276,0.780665,4.440232,4.550384,0.136512,0.328597,0.441729,0.502691,20.326610,26.158505,28.547495,0.756125,14.425119,
65,0.697548,0.747272,0.610644,0.627205,0.785323,4.440232,4.440232,0.137321,0.332086,0.445182,0.508146,20.353906,26.167727,28.584010,0.758171,15.083090,
66,0.697744,0.744435,0.604811,0.633440,0.784250,4.486765,4.521574,0.135320,0.329941,0.443270,0.505773,20.306261,26.161056,28.547108,0.756171,15.170308,
67,0.693725,0.744478,0.605906,0.631329,0.776431,4.486765,4.486765,0.134780,0.327354,0.440104,0.501074,20.297783,26.139114,28.572977,0.752974,14.568540,
68,0.690840,0.746972,0.603594,0.619716,0.778883,4.490535,4.490535,0.134913,0.327939,0.441140,0.501272,20.293516,26.098279,28.576862,0.754238,14.156845,
69,0.691416,0.745355,0.593453,0.614390,0.790527,4.585436,4.585436,0.133612,0.326178,0.440143,0.505575,20.233307,26.067350,28.521165,0.752655,14.512570,
70,0.689884,0.751874,0.598922,0.613486,0.780745,4.600852,4.600852,0.137089,0.331590,0.445597,0.509767,20.342479,26.097107,28.343568,0.757592,14.210515,
71,0.692140,0.746879,0.598307,0.618258,0.786143,4.561555,4.710339,0.133616,0.325937,0.441047,0.506235,20.252197,26.038620,28.539077,0.753775,14.622842,
72,0.691610,0.750469,0.600060,0.617711,0.783229,4.506336,4.561555,0.136583,0.331774,0.445876,0.510003,20.343572,26.102429,28.430311,0.756447,14.383616,
73,0.691654,0.746604,0.593781,0.622872,0.782018,4.506336,4.506336,0.137676,0.332544,0.445732,0.508260,20.368564,26.064283,28.523022,0.757728,14.297953,
74,0.691990,0.742600,0.597479,0.620698,0.783031,4.612203,4.687213,0.137936,0.333915,0.447220,0.508097,20.371124,26.113776,28.502638,0.758096,14.370997,
75,0.691109,0.745787,0.596050,0.613767,0.785350,4.612203,4.612203,0.136642,0.331969,0.445238,0.505966,20.397005,26.139444,28.450616,0.755430,14.266157,
76,0.693841,0.745651,0.597741,0.617090,0.787591,5.012439,5.012439,0.137805,0.336139,0.450425,0.510841,20.425473,26.220506,28.469532,0.759182,14.947220,
77,0.687989,0.749030,0.593173,0.615496,0.776790,5.163393,5.163393,0.135014,0.332199,0.445368,0.504555,20.385016,26.143654,28.325979,0.755678,14.225585,
78,0.692333,0.746893,0.597005,0.623528,0.781418,5.416334,5.445758,0.136676,0.332869,0.446599,0.509601,20.460131,26.245415,28.339866,0.757172,15.134471,
79,0.685985,0.740567,0.592035,0.613740,0.777546,5.233166,5.416334,0.134505,0.330224,0.445469,0.508545,20.450009,26.220311,28.435147,0.752306,14.196928,
80,0.683407,0.738704,0.596876,0.613509,0.770586,5.233166,5.233166,0.133575,0.326303,0.438786,0.500447,20.406454,26.203600,28.374349,0.750006,13.751478,
81,0.685520,0.736583,0.595421,0.625284,0.767683,5.220864,5.343257,0.134628,0.329207,0.442398,0.503762,20.425720,26.207019,28.482269,0.752453,14.014706,
82,0.695342,0.733126,0.599956,0.628783,0.788263,5.220864,5.220864,0.133934,0.329115,0.442911,0.505246,20.486777,26.199679,28.670146,0.751188,15.429110,
83,0.693394,0.734707,0.599320,0.619764,0.791732,5.371129,5.371129,0.132843,0.327079,0.440595,0.502358,20.418130,26.178187,28.564816,0.749117,15.270340,
84,0.685768,0.737786,0.598562,0.621946,0.770626,5.394115,5.394115,0.133538,0.329784,0.443083,0.503662,20.470276,26.215843,28.524906,0.751587,14.170571,
85,0.687185,0.732885,0.588542,0.617476,0.785210,5.518686,5.518686,0.130400,0.326640,0.440203,0.499343,20.388649,26.211459,28.254156,0.749944,14.478921,
86,0.687189,0.729020,0.592862,0.623520,0.777916,5.570319,5.818387,0.128983,0.325912,0.439524,0.500231,20.363852,26.257741,28.234161,0.749254,14.586122,
87,0.683198,0.720814,0.584446,0.613711,0.781397,5.570319,5.570319,0.129107,0.328501,0.443095,0.504733,20.423738,26.240415,28.283352,0.749036,14.077302,
88,0.691291,0.726418,0.590037,0.618551,0.789235,5.984275,6.012452,0.130538,0.329240,0.445493,0.508457,20.482638,26.217576,28.507942,0.751860,15.585874,
89,0.693765,0.722031,0.584163,0.616927,0.800995,5.984275,5.984275,0.130862,0.330357,0.446704,0.510742,20.506143,26.270145,28.575377,0.752236,15.958547,
90,0.693338,0.724303,0.579911,0.623679,0.796789,6.005824,6.005824,0.128208,0.328025,0.444949,0.508957,20.484811,26.275104,28.550268,0.748783,15.969265,
91,0.684495,0.721374,0.578993,0.619740,0.781051,6.283409,6.283409,0.127363,0.328386,0.447080,0.514681,20.444347,26.221829,28.463524,0.748044,15.128614,
92,0.688632,0.718042,0.581122,0.613360,0.798858,6.524374,6.524374,0.126594,0.328082,0.444952,0.510908,20.517193,26.273352,28.476134,0.746483,15.790865,
93,0.683756,0.719889,0.573708,0.614364,0.785849,6.586943,6.863851,0.124131,0.325017,0.444849,0.513610,20.453427,26.230039,28.554413,0.744861,15.379906,
94,0.688565,0.713944,0.577199,0.619942,0.792794,6.586943,6.586943,0.124276,0.325729,0.443807,0.508868,20.502916,26.221317,28.759980,0.745071,15.874346,
95,0.690952,0.713862,0.575743,0.625245,0.796357,6.806458,6.806458,0.125487,0.330016,0.447934,0.513574,20.550043,26.296871,28.703878,0.749011,16.360752,
96,0.682881,0.708160,0.577217,0.616755,0.785724,6.721597,7.081063,0.121906,0.320718,0.437322,0.501075,20.474013,26.310030,28.690703,0.741722,15.163709,
97,0.686564,0.709245,0.577544,0.625227,0.785011,6.721597,6.721597,0.125590,0.327597,0.444198,0.510428,20.579936,26.344386,28.564933,0.747630,15.669386,
98,0.684200,0.705503,0.574214,0.614964,0.790163,6.857419,6.857419,0.123393,0.328512,0.446900,0.511891,20.567854,26.350690,28.773415,0.749139,15.484483,
99,0.695190,0.713327,0.577584,0.632328,0.798918,6.910892,6.910892,0.124179,0.328370,0.447273,0.516598,20.555149,26.385130,28.772764,0.748426,17.198312,
100,0.683280,0.703444,0.574993,0.617622,0.787668,6.767764,7.277912,0.122421,0.327824,0.446973,0.516034,20.516852,26.376909,28.750578,0.746101,15.448319,
101,0.684551,0.705976,0.578008,0.621516,0.787915,6.767764,6.767764,0.121303,0.326244,0.445770,0.510789,20.557175,26.314334,28.673920,0.744585,15.531025,
102,0.685060,0.704972,0.574893,0.611884,0.796078,7.050521,7.077435,0.121506,0.326587,0.445039,0.510064,20.567535,26.338651,28.527497,0.745151,15.783571,
103,0.682790,0.701836,0.574246,0.611020,0.792203,6.475636,7.050521,0.118379,0.324402,0.444221,0.509727,20.525837,26.454630,28.711902,0.743848,15.126050,
104,0.681139,0.708197,0.576017,0.601250,0.791529,6.475636,6.475636,0.118279,0.324407,0.444012,0.508686,20.501062,26.464867,28.846867,0.742343,14.868869,
105,0.679154,0.698367,0.562689,0.603605,0.796405,6.802963,7.105297,0.115708,0.324818,0.446332,0.514217,20.456733,26.500362,28.913005,0.741605,15.028128,
106,0.687179,0.692116,0.560807,0.601050,0.814388,6.802963,6.802963,0.114273,0.323173,0.445574,0.515603,20.404590,26.533805,28.856121,0.738182,16.249854,
107,0.680338,0.690610,0.552970,0.614927,0.796967,6.861193,6.861193,0.112117,0.320382,0.440782,0.507948,20.393756,26.566456,28.720601,0.736185,15.240824,
108,0.675722,0.691349,0.552332,0.614884,0.784132,6.686553,7.061534,0.114693,0.323038,0.441460,0.507420,20.474584,26.486049,28.712290,0.737630,14.338757,
109,0.681057,0.697731,0.559672,0.622259,0.786704,6.686553,6.686553,0.116861,0.328143,0.448204,0.514126,20.515346,26.579046,28.845214,0.742914,15.068918,
110,0.678617,0.687356,0.564626,0.617805,0.785107,6.571609,6.852252,0.113666,0.323109,0.442727,0.510629,20.439316,26.506512,28.861844,0.738814,14.749974,
111,0.678060,0.694331,0.562079,0.618969,0.785609,6.571609,6.571609,0.115439,0.326058,0.447623,0.516516,20.511463,26.436244,28.711195,0.742418,14.729315,
112,0.677041,0.698831,0.563433,0.621098,0.778554,7.060270,7.060270,0.113715,0.323788,0.444053,0.514600,20.526694,26.444551,28.741228,0.739538,15.004282,
113,0.682314,0.687725,0.560421,0.623470,0.793768,6.542835,7.073530,0.111959,0.322963,0.442657,0.510870,20.421449,26.404435,28.752284,0.737296,15.265456,
114,0.684709,0.690829,0.560518,0.633111,0.792888,6.542835,6.542835,0.113265,0.327226,0.448046,0.518020,20.488917,26.425871,28.905981,0.741343,15.651769,
115,0.670866,0.681706,0.552318,0.613335,0.780003,6.841133,7.047639,0.110069,0.321637,0.442389,0.513934,20.403679,26.419839,29.048696,0.737340,14.089550,
116,0.679102,0.688297,0.561411,0.618666,0.790652,6.690120,6.841133,0.109646,0.321668,0.443299,0.514859,20.378025,26.466411,28.953127,0.733433,15.128602,
117,0.671431,0.681438,0.550428,0.607653,0.787844,6.678362,6.690120,0.107714,0.319154,0.441077,0.511845,20.387725,26.469932,28.914329,0.730677,14.094512,
118,0.672464,0.680047,0.537172,0.617361,0.791711,6.547482,6.678362,0.104733,0.315966,0.439369,0.509795,20.359331,26.429743,28.915515,0.727829,14.222068,
119,0.671271,0.682703,0.544236,0.596972,0.796466,6.547482,6.547482,0.105509,0.313234,0.434425,0.503115,20.400369,26.450197,28.940363,0.724966,13.959029,
120,0.673456,0.683726,0.542113,0.603131,0.798590,6.404160,6.596601,0.106018,0.315945,0.436043,0.501290,20.383481,26.460442,28.960469,0.726780,13.988074,
121,0.668211,0.675756,0.540429,0.603482,0.791688,6.404160,6.404160,0.103195,0.312001,0.433739,0.501379,20.285573,26.458793,28.861905,0.724288,13.461133,
122,0.665557,0.673568,0.543595,0.601173,0.783012,6.789361,6.789361,0.103740,0.313337,0.434576,0.503876,20.317453,26.377158,28.938958,0.725925,13.412171,
123,0.670455,0.676686,0.543602,0.614144,0.785147,6.436520,6.791209,0.103920,0.314630,0.436507,0.505063,20.311779,26.373086,28.966868,0.724331,13.787128,
124,0.668408,0.674106,0.549826,0.606718,0.784114,6.436520,6.436520,0.103090,0.313463,0.436164,0.506325,20.323842,26.398574,28.970924,0.724974,13.600027,
125,0.662159,0.678607,0.545355,0.591119,0.784004,6.637302,6.637302,0.103884,0.317070,0.441066,0.513724,20.303534,26.451065,29.146347,0.729207,12.986497,
126,0.661888,0.676340,0.540091,0.594685,0.781857,6.749314,6.798575,0.105334,0.319883,0.443212,0.515337,20.312661,26.385825,29.060971,0.729322,12.964051,
127,0.657529,0.665084,0.542053,0.590330,0.780476,6.571453,6.749314,0.101035,0.313054,0.437744,0.512548,20.180372,26.385706,29.001888,0.724851,12.464443,
128,0.663706,0.667661,0.540609,0.597190,0.789528,6.418475,6.571453,0.101221,0.315735,0.440313,0.512070,20.232345,26.465171,29.129236,0.727004,13.058650,
129,0.658201,0.669648,0.535601,0.599678,0.775039,6.418475,6.418475,0.099064,0.309724,0.432377,0.500768,20.162938,26.470484,29.198182,0.722758,12.253598,
130,0.660614,0.670662,0.539112,0.594028,0.781185,6.424904,6.565057,0.100988,0.312881,0.435675,0.505114,20.201259,26.414573,29.092836,0.724307,12.559893,
131,0.655469,0.670516,0.542882,0.599101,0.765555,6.424904,6.424904,0.099590,0.308087,0.431327,0.500463,20.166385,26.416317,29.102872,0.720379,11.945284,
132,0.653801,0.670405,0.544409,0.596935,0.759876,6.123155,6.657275,0.100274,0.310517,0.432312,0.500681,20.239698,26.434241,29.073696,0.722179,11.408114,
133,0.658603,0.668720,0.541136,0.607245,0.765384,6.123155,6.123155,0.098754,0.309377,0.432023,0.500783,20.238740,26.396108,29.171864,0.718290,12.103632,
134,0.659566,0.661379,0.541222,0.595300,0.783795,6.204433,6.223815,0.094785,0.303510,0.427866,0.499629,20.103325,26.434240,29.260898,0.715078,12.527364,
135,0.651027,0.661746,0.532640,0.585791,0.773990,6.204433,6.204433,0.097787,0.307662,0.430268,0.501269,20.203974,26.451393,29.266699,0.718795,11.258586,
136,0.653424,0.661913,0.537380,0.598383,0.770185,6.263752,6.503900,0.096877,0.305171,0.428085,0.498381,20.098311,26.426658,29.128935,0.715548,11.643729,
137,0.655734,0.663920,0.526660,0.588188,0.787371,6.028029,6.263752,0.096498,0.304413,0.426585,0.497062,20.086345,26.384184,29.164236,0.715189,11.770766,
138,0.647570,0.662256,0.524138,0.577812,0.773774,5.987320,6.028029,0.096472,0.305122,0.427642,0.498446,20.106799,26.425150,29.221766,0.716003,10.684875,
139,0.645042,0.658808,0.522226,0.584276,0.766220,5.987320,5.987320,0.095982,0.306504,0.430055,0.501210,20.077082,26.427208,29.202419,0.714046,10.381454,
140,0.648256,0.662898,0.526826,0.576550,0.775946,5.792538,5.998427,0.097065,0.307942,0.431611,0.502702,20.081341,26.419059,29.221381,0.717022,10.627495,
141,0.646586,0.661104,0.531846,0.581091,0.767497,5.792538,5.792538,0.098336,0.308965,0.432701,0.503701,20.131712,26.452227,29.119061,0.718448,10.382674,
142,0.651827,0.657940,0.530075,0.589537,0.776809,5.669427,5.863647,0.097117,0.308695,0.433848,0.504727,20.080728,26.457820,29.247154,0.717786,11.027324,
143,0.648536,0.661363,0.532635,0.581627,0.771679,5.509978,5.669427,0.095749,0.305365,0.430413,0.501180,20.106798,26.450366,29.274766,0.716751,10.527993,
144,0.653708,0.655093,0.537081,0.597539,0.776175,5.468729,5.509978,0.094776,0.302044,0.426216,0.496592,19.974932,26.411991,29.070047,0.713986,11.190066,
145,0.652415,0.661577,0.528842,0.595962,0.774610,5.468729,5.468729,0.096657,0.306009,0.429360,0.496960,20.076874,26.440281,29.191163,0.716360,10.854962,
146,0.647705,0.661357,0.528569,0.595240,0.764819,5.579163,5.678803,0.094575,0.301036,0.423330,0.491155,20.053079,26.453220,29.215492,0.712064,10.392605,
147,0.645204,0.663106,0.527994,0.592441,0.758493,5.524725,5.579163,0.094264,0.300877,0.422853,0.491495,20.055421,26.481628,29.072651,0.709873,10.050171,
148,0.647082,0.654253,0.522976,0.595687,0.766175,5.524725,5.524725,0.094453,0.304471,0.426411,0.494097,20.079873,26.443071,29.183459,0.712382,10.215456,
149,0.640930,0.659871,0.523125,0.586128,0.754798,5.305277,5.654541,0.094820,0.303567,0.424895,0.493252,20.112913,26.554463,29.281816,0.711427,9.274321,
150,0.668992,0.668410,0.549965,0.613777,0.794025,5.253404,5.305277,0.113597,0.356849,0.472315,0.536533,20.301231,26.593558,29.251132,0.764278,12.072451,
151,0.633806,0.662344,0.518115,0.578577,0.746100,5.026001,5.253404,0.093005,0.298244,0.419124,0.486139,20.029347,26.573145,29.247207,0.708767,8.224360,
152,0.630856,0.658359,0.520236,0.577294,0.739241,5.026001,5.026001,0.092099,0.297591,0.419702,0.488678,19.976886,26.620255,29.211352,0.707910,7.951559,
153,0.632845,0.655862,0.513714,0.580416,0.746828,4.938792,5.104186,0.094355,0.307450,0.431318,0.501449,20.061619,26.627487,29.229732,0.716619,8.036654,
154,0.632735,0.656046,0.517550,0.578653,0.745993,4.938792,4.938792,0.091605,0.301690,0.424765,0.497518,19.955935,26.590207,29.174283,0.713740,8.188324,
155,0.633732,0.655717,0.519104,0.581416,0.745180,5.152715,5.152715,0.092707,0.303789,0.427158,0.499327,20.028461,26.602875,29.334489,0.716471,8.416807,
156,0.656200,0.659989,0.542299,0.602680,0.777735,5.223903,5.223903,0.108076,0.350738,0.469619,0.537168,20.147465,26.556470,29.318170,0.760448,10.593820,
157,0.663598,0.663348,0.545322,0.603341,0.793225,5.279253,5.279253,0.110974,0.356420,0.475084,0.542040,20.186116,26.503798,29.397209,0.762815,11.577920,
158,0.636329,0.651406,0.514608,0.575256,0.762798,5.285892,5.285892,0.092339,0.302532,0.428391,0.501487,19.933312,26.562374,29.367029,0.713034,8.951102,
159,0.668491,0.665325,0.549771,0.609913,0.797005,5.151604,5.463030,0.108438,0.354403,0.474435,0.539004,20.154246,26.579639,29.266270,0.760667,12.152275,
160,0.643905,0.659974,0.522782,0.581302,0.766560,4.956886,5.151604,0.095366,0.307051,0.430657,0.498521,20.049253,26.645252,29.373253,0.716152,9.392763,
161,0.640193,0.646599,0.519333,0.583825,0.760619,4.764907,4.956886,0.093284,0.306208,0.430545,0.498948,19.902022,26.579876,29.290366,0.716111,8.844904,
162,0.635975,0.651548,0.520342,0.577537,0.752233,4.764907,4.764907,0.094037,0.304878,0.427789,0.496469,19.955141,26.630667,29.208196,0.717677,8.287599,
163,0.664431,0.660636,0.549815,0.607826,0.785841,4.840981,5.027602,0.109089,0.353380,0.470532,0.536058,20.145708,26.643514,29.261214,0.762196,11.285366,
164,0.639454,0.658191,0.520585,0.578849,0.757814,4.840981,4.840981,0.094020,0.303441,0.425109,0.493942,19.926964,26.683198,29.258069,0.715467,8.781376,
165,0.632823,0.652748,0.519221,0.577189,0.743782,5.024854,5.068772,0.094455,0.304533,0.427575,0.500596,19.964860,26.661063,29.293400,0.715699,8.191832,
166,0.635215,0.655220,0.519668,0.579562,0.747561,5.024854,5.024854,0.093637,0.303829,0.427343,0.497270,19.901669,26.681038,29.416489,0.715367,8.445342,
167,0.637474,0.654791,0.514326,0.588178,0.750977,5.113038,5.113038,0.095495,0.309086,0.435123,0.507949,20.014859,26.668565,29.368168,0.719679,8.847780,
168,0.631767,0.652010,0.511067,0.577290,0.748600,5.068016,5.138532,0.094041,0.305638,0.430584,0.500910,19.849402,26.613856,29.403246,0.717606,8.052868,
169,0.633487,0.654219,0.516770,0.581115,0.745371,5.030219,5.068016,0.094321,0.302177,0.424515,0.490302,19.880692,26.706878,29.277272,0.716988,8.110142,
170,0.630250,0.649320,0.513783,0.578298,0.743245,4.891353,5.030219,0.094451,0.302182,0.424684,0.491478,19.835638,26.678650,29.256825,0.714824,7.629367,
171,0.633176,0.650619,0.515594,0.587600,0.742402,4.872896,4.891353,0.093379,0.303153,0.427369,0.496847,19.843293,26.667429,29.206470,0.715428,8.094401,
172,0.639872,0.659123,0.518331,0.587239,0.756450,4.872896,4.872896,0.095141,0.307211,0.432155,0.501881,19.915732,26.709930,29.309883,0.719756,8.896849,
173,0.636130,0.652650,0.511989,0.581558,0.757531,4.936072,4.936072,0.094732,0.307211,0.431818,0.499570,19.894417,26.725395,29.378055,0.716530,8.406704,
174,0.635556,0.652148,0.512698,0.576687,0.758347,4.987967,4.987967,0.092079,0.302166,0.425093,0.491820,19.797919,26.749453,29.298457,0.712798,8.407751,
175,0.638465,0.648821,0.513548,0.584013,0.760557,4.990611,4.990611,0.092059,0.303759,0.427875,0.496084,19.830631,26.695855,29.346878,0.714601,8.824517,
176,0.633950,0.653381,0.510689,0.578931,0.750190,4.961304,5.129321,0.092910,0.303911,0.426934,0.496783,19.856302,26.701566,29.384148,0.714561,8.232750,
177,0.635192,0.647220,0.511674,0.575697,0.757300,4.961304,4.961304,0.093025,0.302545,0.425585,0.493108,19.842965,26.665469,29.310482,0.715841,8.348431,
178,0.632146,0.653783,0.508504,0.572140,0.751256,4.916264,5.007449,0.093882,0.303762,0.426973,0.495357,19.866756,26.667693,29.365151,0.716837,7.927639,
179,0.667729,0.663020,0.541697,0.617679,0.789476,4.916264,4.916264,0.109009,0.357293,0.477612,0.543374,20.065447,26.690535,29.385311,0.764062,11.910005,
180,0.641625,0.655828,0.511908,0.588893,0.759909,4.794489,5.024539,0.094208,0.304941,0.428553,0.499388,19.856278,26.690791,29.385862,0.717593,9.102954,
181,0.638893,0.657115,0.512245,0.588269,0.752233,4.794489,4.794489,0.094118,0.301365,0.423698,0.492313,19.812373,26.703876,29.401791,0.714887,8.715156,
182,0.637101,0.651033,0.514857,0.581983,0.753385,4.849090,4.923329,0.093057,0.298826,0.420928,0.490827,19.757051,26.653870,29.416870,0.712471,8.605774,
183,0.667773,0.656255,0.540855,0.608539,0.799933,4.849090,4.849090,0.109336,0.355736,0.474913,0.541265,20.037439,26.641479,29.373328,0.765189,11.840349,
184,0.641985,0.653653,0.511757,0.590675,0.760227,4.893877,4.893877,0.094348,0.305135,0.429806,0.500455,19.808241,26.706532,29.380936,0.717221,9.238108,
185,0.642863,0.652582,0.516313,0.588315,0.761504,4.902097,4.902097,0.094568,0.305156,0.429587,0.499206,19.819197,26.723371,29.422769,0.717511,9.320388,
186,0.634680,0.641980,0.505868,0.578416,0.760033,4.922071,5.025672,0.092947,0.306613,0.431238,0.499898,19.763187,26.696439,29.373991,0.717951,8.266220,
187,0.636116,0.643983,0.506798,0.578137,0.763404,4.922071,4.922071,0.091714,0.302763,0.426242,0.493789,19.739575,26.671314,29.483750,0.715159,8.461451,
188,0.636989,0.642959,0.504546,0.588167,0.759769,4.965456,4.965456,0.091134,0.301622,0.425499,0.491666,19.676635,26.621935,29.530070,0.713599,8.600984,
189,0.633659,0.642285,0.505756,0.585132,0.751767,4.992686,4.992686,0.090952,0.301481,0.427811,0.497625,19.677982,26.655269,29.636779,0.717050,8.354911,
190,0.635752,0.643157,0.508175,0.584738,0.755637,4.864286,5.060190,0.091719,0.301291,0.422026,0.487417,19.702635,26.674308,29.572018,0.714611,8.276945,
191,0.662846,0.659108,0.541432,0.609212,0.784338,4.864286,4.864286,0.107435,0.352686,0.469728,0.532018,19.993842,26.653626,29.596381,0.762323,11.001616,
192,0.666336,0.657342,0.541627,0.614704,0.790845,4.854327,4.969600,0.107976,0.356505,0.475477,0.538237,20.032001,26.628884,29.528101,0.763447,11.539605,
193,0.665333,0.664070,0.547114,0.612787,0.784429,4.854327,4.854327,0.109992,0.358029,0.476143,0.539324,20.093913,26.720431,29.438159,0.767302,11.362311,
194,0.638005,0.655088,0.515141,0.593364,0.747453,4.921850,4.921850,0.092793,0.301651,0.424608,0.492915,19.740548,26.717445,29.447465,0.718120,8.712402,
195,0.633534,0.651387,0.510773,0.585168,0.745817,4.945417,4.957726,0.093083,0.303369,0.426377,0.496888,19.759343,26.786227,29.457608,0.717887,8.191088,
196,0.633487,0.657834,0.515741,0.583608,0.741547,4.917261,4.945417,0.092088,0.298526,0.420838,0.488633,19.712171,26.737886,29.504897,0.713695,8.164629,
197,0.668423,0.664856,0.548994,0.618697,0.787308,4.827086,4.917261,0.109940,0.357426,0.474951,0.538891,20.083642,26.746600,29.448083,0.766443,11.771332,
198,0.662486,0.659720,0.541895,0.612556,0.781820,4.827086,4.827086,0.107757,0.354803,0.471712,0.531677,20.016246,26.757066,29.332123,0.762978,10.839327,
199,0.663744,0.657017,0.542954,0.608281,0.789443,4.816135,4.901381,0.106732,0.354013,0.472828,0.536870,19.986415,26.695293,29.320828,0.761026,11.207788,
200,0.665780,0.657155,0.541381,0.616034,0.788173,4.816135,4.816135,0.107118,0.355700,0.473746,0.536244,20.041537,26.672030,29.366763,0.765014,11.405112,
201,0.670616,0.663768,0.543719,0.615931,0.798047,4.819030,4.819033,0.107305,0.355287,0.472560,0.535115,20.007998,26.664695,29.486586,0.763240,12.045218,
202,0.642355,0.651038,0.516286,0.586644,0.764656,4.819030,4.819030,0.091345,0.298686,0.419069,0.484474,19.715928,26.689056,29.507516,0.712888,9.121225,
203,0.637055,0.651766,0.514249,0.585063,0.752310,4.898953,4.950743,0.091145,0.298939,0.419678,0.485491,19.665708,26.725766,29.405460,0.713643,8.522113,
204,0.638043,0.659585,0.515139,0.583761,0.751770,4.895060,4.898953,0.092123,0.300850,0.420806,0.486190,19.699018,26.720258,29.403367,0.716522,8.573686,
205,0.640249,0.655189,0.517115,0.591928,0.750805,4.895060,4.895060,0.093631,0.306049,0.427254,0.492175,19.784500,26.755044,29.474898,0.720285,8.776042,
206,0.644760,0.658871,0.515633,0.596657,0.759238,5.008359,5.008359,0.093807,0.307792,0.430796,0.499082,19.770860,26.746627,29.532711,0.722445,9.546440,
207,0.637269,0.648408,0.515617,0.589787,0.749363,4.962080,5.121109,0.091110,0.305672,0.429273,0.495781,19.646136,26.761916,29.598925,0.721005,8.578969,
208,0.669463,0.662568,0.550068,0.620299,0.788016,4.956736,4.962080,0.107384,0.358507,0.476279,0.538489,19.997295,26.802979,29.500047,0.768259,11.995573,
209,0.638132,0.653572,0.525122,0.583183,0.749249,4.822688,4.956736,0.093170,0.307367,0.428288,0.492413,19.732016,26.787623,29.400639,0.723123,8.412692,
210,0.641943,0.646898,0.525145,0.585954,0.759958,4.822688,4.822688,0.091762,0.303576,0.423945,0.488380,19.658911,26.705275,29.382911,0.719083,8.966529,
211,0.641004,0.652522,0.519508,0.588731,0.754776,4.827447,5.020567,0.093788,0.308338,0.429001,0.496027,19.728006,26.803185,29.528342,0.722114,8.833129,
212,0.636983,0.651560,0.516016,0.580365,0.753780,4.827447,4.827447,0.091182,0.304104,0.426450,0.495750,19.650308,26.764811,29.488101,0.718983,8.510166,
213,0.637637,0.650259,0.518799,0.580147,0.753546,4.818158,4.910255,0.091579,0.302593,0.424453,0.490599,19.627675,26.786422,29.679775,0.715645,8.510012,
214,0.640151,0.647726,0.507896,0.590591,0.759057,4.818158,4.818158,0.090824,0.301837,0.423920,0.491109,19.633670,26.707268,29.597988,0.713785,8.883174,
215,0.642151,0.649044,0.512417,0.592465,0.758867,4.894146,4.976303,0.091457,0.302402,0.423815,0.492667,19.651676,26.726791,29.637532,0.715886,9.205287,
216,0.644948,0.653928,0.514282,0.592294,0.763308,4.894146,4.894146,0.092381,0.301005,0.421088,0.487342,19.702145,26.776972,29.606442,0.715697,9.473641,
217,0.648108,0.657942,0.519708,0.595797,0.763533,4.900389,4.900389,0.093525,0.305083,0.426100,0.491041,19.701662,26.766731,29.621808,0.720144,9.800648,
218,0.677142,0.662062,0.548805,0.630145,0.797513,4.902231,4.931863,0.107256,0.360151,0.478675,0.540338,19.969065,26.759415,29.523186,0.768341,13.029228,
219,0.672851,0.659978,0.546507,0.625713,0.792547,4.865790,4.902231,0.106454,0.356928,0.475125,0.536791,19.906833,26.804216,29.651939,0.766532,12.401502,
220,0.675496,0.665626,0.549274,0.627428,0.794896,4.865790,4.865790,0.109073,0.360153,0.477682,0.540846,19.969989,26.808747,29.512759,0.769772,12.765525,
221,0.639063,0.650043,0.511489,0.597747,0.747495,4.886726,4.886726,0.090941,0.303456,0.423957,0.490205,19.554247,26.798368,29.534070,0.720177,8.707152,
222,0.669966,0.658252,0.547666,0.625077,0.786733,4.894131,4.958445,0.107329,0.361455,0.479262,0.541222,19.901522,26.737716,29.381560,0.770709,12.012281,
223,0.639181,0.658890,0.515199,0.588250,0.750683,4.894131,4.894131,0.092120,0.303150,0.425690,0.494729,19.633955,26.744219,29.478007,0.721207,8.838432,
224,0.639734,0.654171,0.517961,0.588944,0.751653,4.902158,4.968348,0.091664,0.300860,0.422692,0.489062,19.601707,26.779091,29.463287,0.719945,8.867544,
225,0.643032,0.661456,0.519070,0.593741,0.752422,4.847274,4.902158,0.093424,0.305726,0.428640,0.495497,19.646958,26.798613,29.452759,0.721758,9.197698,
226,0.641833,0.662060,0.516514,0.588387,0.754498,4.847274,4.847274,0.091575,0.300277,0.422380,0.489941,19.576003,26.757065,29.493326,0.717742,9.142756,
227,0.649394,0.658121,0.518435,0.597060,0.767649,5.021525,5.021525,0.092337,0.304705,0.427966,0.493453,19.625806,26.752928,29.479182,0.721452,10.143656,
228,0.647419,0.658004,0.522267,0.595457,0.761021,4.897185,5.076880,0.092613,0.302791,0.425407,0.491144,19.576101,26.733773,29.482202,0.720181,9.811333,
229,0.646525,0.657746,0.518872,0.593057,0.762242,4.897185,4.897185,0.092676,0.302622,0.424711,0.491457,19.575889,26.757849,29.489806,0.720381,9.711792,
230,0.644457,0.658202,0.515675,0.598921,0.755264,4.998486,5.164579,0.092052,0.301236,0.422061,0.488002,19.479243,26.824103,29.446863,0.719641,9.495837,
231,0.644678,0.650186,0.511963,0.601847,0.759218,4.971234,4.998486,0.092476,0.303765,0.425463,0.493127,19.461619,26.738078,29.447596,0.721377,9.529243,
232,0.645760,0.657618,0.520663,0.597931,0.758602,4.904576,4.971234,0.093842,0.303752,0.424683,0.490675,19.524514,26.763591,29.503184,0.721345,9.541253,
233,0.643032,0.661514,0.520742,0.594876,0.752189,4.904576,4.904576,0.095166,0.304672,0.425165,0.492476,19.598934,26.819657,29.442728,0.722779,9.186024,
234,0.644740,0.654339,0.520000,0.602673,0.754147,4.961332,4.985835,0.094532,0.307667,0.428437,0.495658,19.548782,26.789493,29.477690,0.723724,9.418428,
235,0.647401,0.658787,0.519783,0.604384,0.757667,4.949014,4.961332,0.094565,0.304556,0.425308,0.490363,19.598639,26.748021,29.492468,0.722101,9.735908,
236,0.648567,0.658597,0.512525,0.603715,0.766608,4.949014,4.949014,0.092429,0.302231,0.423025,0.489000,19.455845,26.727035,29.466892,0.719792,9.969663,
237,0.651845,0.666459,0.521830,0.604591,0.763559,4.969944,5.027740,0.094959,0.307129,0.429016,0.496958,19.625679,26.796055,29.377166,0.723348,10.394094,
238,0.655673,0.659138,0.521674,0.598685,0.782109,4.969944,4.969944,0.092513,0.304724,0.426523,0.495614,19.485370,26.685168,29.482618,0.720790,10.980885,
239,0.652304,0.658298,0.519939,0.599633,0.771358,5.084799,5.093797,0.092346,0.302866,0.425013,0.492795,19.543794,26.673376,29.391170,0.718924,10.624853,
240,0.650190,0.660348,0.520656,0.593819,0.768580,4.978446,5.084799,0.092209,0.300773,0.422340,0.490544,19.538801,26.663069,29.441477,0.717700,10.300615,
241,0.653358,0.665812,0.526523,0.597918,0.767385,4.978446,4.978446,0.093759,0.300910,0.420583,0.487399,19.520328,26.668995,29.382557,0.720167,10.608068,
242,0.648928,0.654710,0.521596,0.599392,0.760618,5.000248,5.000248,0.092804,0.301549,0.422716,0.492410,19.478289,26.677887,29.367713,0.721188,10.165456,
243,0.650607,0.659079,0.517422,0.600558,0.765338,4.879430,5.071916,0.093746,0.305165,0.426806,0.498069,19.495791,26.672557,29.384790,0.723687,10.289937,
244,0.650558,0.663442,0.524836,0.601701,0.758353,4.879430,4.879430,0.094585,0.305276,0.426527,0.494285,19.562797,26.707984,29.362068,0.722689,10.167847,
245,0.654558,0.658921,0.523838,0.603416,0.770176,4.972464,4.972464,0.094927,0.309106,0.429257,0.493101,19.589603,26.707656,29.479575,0.725650,10.571253,
246,0.660000,0.655830,0.525499,0.612511,0.778769,4.971058,5.107464,0.094661,0.308742,0.428095,0.492519,19.509650,26.672541,29.504429,0.727401,11.285772,
247,0.660665,0.657333,0.522461,0.607092,0.786147,4.971058,4.971058,0.094911,0.307408,0.426638,0.490420,19.574542,26.697955,29.614640,0.726559,11.365586,
248,0.658931,0.665294,0.525244,0.604220,0.780226,5.040926,5.040926,0.095767,0.306738,0.426988,0.492354,19.554365,26.659967,29.819310,0.724770,11.255719,
249,0.656425,0.657656,0.524143,0.609005,0.771270,4.870094,5.130282,0.094983,0.306347,0.426202,0.492106,19.534432,26.690995,29.795724,0.726076,10.821701,
250,0.661783,0.665810,0.527649,0.605724,0.782602,4.870094,4.870094,0.097672,0.310119,0.431942,0.499556,19.649819,26.709737,29.761698,0.729711,11.546836,
251,0.659195,0.664893,0.517158,0.603074,0.785065,4.893248,5.015920,0.095996,0.308218,0.429314,0.497831,19.520101,26.706622,29.779977,0.727145,11.269661,
252,0.662036,0.666778,0.522170,0.603832,0.787743,4.893248,4.893248,0.096630,0.307707,0.428475,0.494568,19.563709,26.691258,29.631479,0.726933,11.566778,
253,0.655220,0.666973,0.520753,0.601873,0.771167,4.921270,4.963960,0.097035,0.306972,0.427337,0.496140,19.556174,26.691927,29.659484,0.726436,10.760629,
254,0.652674,0.663206,0.516049,0.600738,0.769542,4.921270,4.921270,0.095112,0.305899,0.425854,0.492660,19.445775,26.647879,29.745985,0.727464,10.401192,
255,0.655651,0.663483,0.519297,0.606214,0.770812,4.886857,5.109968,0.097923,0.310280,0.430723,0.497874,19.506182,26.630371,29.771756,0.730461,10.699216,
256,0.658584,0.670378,0.526661,0.606891,0.770969,4.886857,4.886857,0.099003,0.310563,0.431108,0.498654,19.558655,26.677685,29.625782,0.730977,11.081569,
257,0.659671,0.669799,0.522604,0.604255,0.778798,4.988897,4.988897,0.098828,0.312928,0.434160,0.502819,19.551218,26.629767,29.803741,0.733454,11.326269,
258,0.659799,0.662652,0.523904,0.604086,0.779998,5.043299,5.063191,0.097910,0.311893,0.432411,0.498533,19.489969,26.644133,29.808085,0.733695,11.315223,
259,0.662480,0.666782,0.531274,0.609678,0.775208,4.947232,5.043299,0.099785,0.313224,0.434298,0.500367,19.596370,26.691222,29.792660,0.736465,11.575955,
260,0.665554,0.672460,0.528089,0.613852,0.780630,4.947232,4.947232,0.098371,0.308192,0.426556,0.491299,19.364027,26.582587,29.632720,0.726507,11.945806,
261,0.667663,0.662293,0.528737,0.618525,0.783828,4.950337,5.568006,0.100819,0.314679,0.434262,0.498253,19.537720,26.654243,29.646581,0.737210,12.141829,
262,0.668279,0.662559,0.522576,0.613429,0.792325,4.919106,4.950337,0.098914,0.308938,0.428389,0.490570,19.481985,26.603959,29.553884,0.730182,12.229052,
263,0.667098,0.660872,0.521306,0.617660,0.786309,4.905005,4.919106,0.099669,0.311349,0.430542,0.493615,19.499892,26.613332,29.473831,0.732034,12.044673,
264,0.669030,0.673369,0.526068,0.617243,0.784880,4.905005,4.905005,0.100977,0.311041,0.430122,0.495837,19.552393,26.579437,29.496443,0.732121,12.359521,
265,0.665976,0.674341,0.525802,0.613721,0.780375,4.944540,4.944540,0.100617,0.311226,0.431209,0.498282,19.536572,26.541460,29.533468,0.732156,12.046833,
266,0.660162,0.671094,0.523674,0.609694,0.771899,5.057066,5.057066,0.098835,0.309666,0.428119,0.494293,19.452520,26.547400,29.539951,0.731577,11.334691,
267,0.663502,0.673215,0.527044,0.610458,0.778253,5.060822,5.076652,0.100492,0.312391,0.433486,0.501354,19.524904,26.561918,29.634403,0.733231,11.846374,
268,0.665299,0.671053,0.525121,0.615175,0.780668,5.060822,5.060822,0.100120,0.311488,0.432180,0.501104,19.467561,26.624273,29.630502,0.733748,12.116995,
269,0.666041,0.673876,0.523307,0.613272,0.783823,5.062186,5.062186,0.100296,0.312509,0.430846,0.495646,19.438843,26.630886,29.619311,0.736220,12.026169,
270,0.671738,0.673204,0.528693,0.620225,0.790461,4.987261,5.108253,0.100027,0.310454,0.429145,0.494316,19.405874,26.585624,29.563822,0.733906,12.772846,
271,0.672262,0.669604,0.531060,0.621527,0.790459,4.987261,4.987261,0.099597,0.309750,0.426935,0.492195,19.352858,26.541540,29.609023,0.732762,12.817752,
272,0.671577,0.671903,0.530935,0.613350,0.793377,4.971158,5.066909,0.100024,0.309519,0.428085,0.493231,19.349856,26.552901,29.644081,0.730500,12.745151,
273,0.669520,0.671701,0.531138,0.610803,0.789841,4.880795,4.971158,0.098419,0.305576,0.422105,0.486726,19.252438,26.575738,29.590951,0.726422,12.401620,
274,0.672685,0.675545,0.534662,0.611473,0.793799,4.880795,4.880795,0.099917,0.307402,0.424886,0.490879,19.344096,26.489265,29.538926,0.728149,12.844943,
275,0.668756,0.671880,0.527530,0.610235,0.790008,4.905319,4.905319,0.101561,0.311223,0.430340,0.497472,19.414907,26.482194,29.742521,0.731238,12.354980,
276,0.669873,0.674613,0.532421,0.616728,0.784602,4.919996,4.954532,0.103717,0.314598,0.434705,0.502808,19.495463,26.514065,29.724873,0.734436,12.511839,
277,0.664783,0.677786,0.527082,0.610481,0.778829,4.919996,4.919996,0.102672,0.311366,0.431326,0.500639,19.494073,26.507615,29.669564,0.735048,11.906821,
278,0.664387,0.670092,0.528028,0.608650,0.782240,4.970488,4.983478,0.100273,0.307917,0.424364,0.490573,19.333883,26.512761,29.739065,0.728813,11.780751,
279,0.663566,0.672355,0.528250,0.615941,0.773895,4.970488,4.970488,0.098117,0.303813,0.417658,0.482294,19.160267,26.466514,29.646235,0.721088,11.644068,
280,0.669515,0.672050,0.532340,0.614489,0.788153,5.059030,5.174064,0.100869,0.306024,0.421153,0.485789,19.353812,26.472001,29.623209,0.728216,12.463660,
281,0.669086,0.676446,0.533427,0.616752,0.782690,5.059030,5.059030,0.099089,0.302352,0.415947,0.480780,19.220309,26.404987,29.707370,0.721338,12.441641,
282,0.667779,0.669702,0.528263,0.615590,0.783414,4.980039,5.081814,0.101123,0.307101,0.423623,0.488967,19.375749,26.355945,29.766775,0.728842,12.214080,
283,0.665792,0.675852,0.530172,0.608190,0.779418,4.980039,4.980039,0.102029,0.308276,0.425708,0.491202,19.454170,26.413214,29.622899,0.730116,11.954193,
284,0.665089,0.672147,0.524979,0.615558,0.776145,4.971711,5.074405,0.096253,0.296118,0.406495,0.468030,19.059766,26.435753,29.731497,0.711918,11.819823,
285,0.665180,0.673842,0.524102,0.609203,0.782274,4.936731,4.971711,0.096509,0.296275,0.407262,0.469268,18.992770,26.463990,29.791627,0.711448,11.825972,
286,0.668353,0.677634,0.531157,0.606279,0.787126,4.936731,4.936731,0.100098,0.306238,0.423949,0.490559,19.305224,26.478318,29.780626,0.725625,12.344764,
287,0.670624,0.676363,0.531335,0.613670,0.787430,4.981771,5.120961,0.099853,0.302340,0.415625,0.479418,19.211303,26.455962,29.786917,0.722158,12.544132,
288,0.669494,0.681025,0.529714,0.609855,0.786637,4.923534,4.981771,0.102116,0.308252,0.424286,0.489360,19.358190,26.440142,29.865050,0.731002,12.354856,
289,0.671516,0.685348,0.535946,0.616980,0.781004,4.923534,4.923534,0.105068,0.311994,0.429975,0.496738,19.430466,26.507377,29.835834,0.736815,12.647327,
290,0.670515,0.678716,0.531967,0.616938,0.783729,5.003116,5.003116,0.100644,0.302815,0.413001,0.471727,19.082082,26.492024,29.747390,0.723290,12.324221,
291,0.671880,0.682298,0.536128,0.622515,0.780129,5.009928,5.009928,0.103790,0.313274,0.429349,0.493685,19.264725,26.489876,29.819087,0.736132,12.643670,
292,0.670320,0.682918,0.536033,0.619144,0.779542,4.908309,5.091169,0.102032,0.306474,0.417509,0.480836,19.055620,26.453490,29.813002,0.726245,12.303698,
293,0.673990,0.683665,0.536985,0.623980,0.784402,4.908309,4.908309,0.102247,0.307891,0.422025,0.486263,19.129232,26.464217,29.904775,0.728531,12.872477,
294,0.665081,0.679556,0.531703,0.615051,0.772321,4.980641,4.980641,0.100785,0.301733,0.412283,0.474602,18.981534,26.408433,29.856454,0.720712,11.709964,
295,0.670922,0.682933,0.534792,0.616140,0.783640,4.973420,5.031222,0.102326,0.304589,0.416556,0.479046,19.101240,26.409887,29.859689,0.722015,12.452696,
296,0.670634,0.684642,0.540208,0.616731,0.778521,4.973420,4.973420,0.102349,0.301077,0.410992,0.474142,19.034184,26.399305,29.890800,0.718347,12.430964,
297,0.672516,0.687382,0.537134,0.614080,0.784913,4.851266,5.074270,0.103681,0.307585,0.422123,0.486900,19.251744,26.494850,29.895453,0.726813,12.646045,
298,0.671375,0.681862,0.538424,0.611704,0.785262,4.851266,4.851266,0.102393,0.305750,0.418832,0.482194,19.164162,26.453607,29.815692,0.724607,12.457426,
299,0.671260,0.681603,0.536052,0.609765,0.787558,5.013711,5.066575,0.101446,0.301797,0.412139,0.474592,19.019731,26.405987,29.811799,0.718920,12.535203,
300,0.669867,0.688122,0.537789,0.609618,0.780228,5.013711,5.013711,0.105219,0.309136,0.423483,0.488884,19.279324,26.441768,29.866749,0.729443,12.390560,
301,0.668947,0.683368,0.538506,0.608806,0.781156,4.980625,5.021602,0.102162,0.301132,0.411381,0.475163,18.976647,26.458233,29.792294,0.716362,12.239951,
302,0.668035,0.678443,0.533666,0.608355,0.784032,4.980625,4.980625,0.100479,0.296771,0.404155,0.463291,18.874615,26.399839,29.805114,0.713942,12.024560,
303,0.665211,0.680772,0.532229,0.603723,0.779344,5.048247,5.197913,0.102728,0.304446,0.415699,0.474773,19.132249,26.432722,29.679116,0.724358,11.647408,
304,0.666454,0.687195,0.532058,0.612508,0.775205,5.048247,5.048247,0.100921,0.292175,0.395896,0.453490,18.704322,26.421539,29.692307,0.709359,11.828875,
305,0.670775,0.686730,0.533489,0.614625,0.784114,5.091609,5.091609,0.103178,0.302084,0.412136,0.474231,18.950098,26.423781,29.738581,0.720592,12.488386,
306,0.672674,0.686854,0.544302,0.609942,0.787324,5.062901,5.187099,0.104530,0.303210,0.412926,0.474778,18.955187,26.477943,29.628031,0.723472,12.672369,
307,0.672375,0.683021,0.544254,0.610437,0.788526,4.973829,5.062901,0.102784,0.302217,0.411886,0.474284,18.890799,26.442300,29.637251,0.720699,12.614268,
308,0.674386,0.685960,0.542386,0.616447,0.788796,4.973829,4.973829,0.105450,0.307118,0.420123,0.482724,19.142074,26.424395,29.723435,0.730055,12.872901,
309,0.674597,0.685248,0.539432,0.616556,0.791386,4.836502,5.102826,0.105282,0.308078,0.420413,0.481487,19.115537,26.363755,29.683434,0.729584,12.732121,
310,0.672992,0.691907,0.538145,0.606509,0.792643,4.836502,4.836502,0.108309,0.314900,0.430429,0.493793,19.266439,26.379381,29.712678,0.736835,12.553376,
311,0.673175,0.685449,0.536205,0.613986,0.790709,4.965407,5.110394,0.104631,0.303546,0.411016,0.469490,18.867848,26.410211,29.598039,0.722673,12.520867,
312,0.677250,0.691084,0.540838,0.619550,0.791813,4.965407,4.965407,0.105623,0.303595,0.412836,0.473313,18.972304,26.454797,29.730527,0.723481,13.141542,
313,0.676175,0.692787,0.538879,0.619407,0.789142,4.971004,5.019543,0.107479,0.310655,0.423245,0.487073,19.127011,26.402727,29.823002,0.729367,13.068378,
314,0.667292,0.686856,0.536998,0.610499,0.776199,4.971004,4.971004,0.105108,0.303551,0.412415,0.472373,18.921019,26.374770,29.817284,0.723328,11.815965,
315,0.672968,0.690620,0.541425,0.614805,0.783782,4.915715,5.060032,0.105299,0.301291,0.408116,0.467596,18.957791,26.389883,29.707289,0.722372,12.493040,
316,0.670486,0.688903,0.540053,0.613222,0.779333,4.915715,4.915715,0.105303,0.303260,0.413118,0.476229,19.004969,26.426550,29.776412,0.724991,12.301832,
317,0.670742,0.686761,0.537124,0.613093,0.782569,5.060339,5.060339,0.103566,0.299785,0.408776,0.470833,18.958728,26.423699,29.709055,0.722715,12.463989,
318,0.673529,0.691433,0.538560,0.616418,0.784224,5.089009,5.089009,0.104305,0.300861,0.408739,0.468524,18.980492,26.380262,29.746225,0.722312,12.743893,
319,0.669755,0.684385,0.538590,0.610874,0.781610,5.100202,5.100202,0.101364,0.291356,0.391701,0.448545,18.522432,26.302360,29.705965,0.713426,12.219016,
320,0.676720,0.692659,0.541867,0.610277,0.793149,5.001863,5.164415,0.108104,0.311247,0.425474,0.491721,19.217149,26.278416,29.718038,0.734804,13.260459,
321,0.676912,0.689493,0.540236,0.609455,0.796283,5.001863,5.001863,0.105434,0.302870,0.412753,0.475580,18.963412,26.345181,29.726321,0.725190,13.212265,
322,0.680268,0.686329,0.540668,0.617047,0.799189,5.081673,5.216518,0.104312,0.302965,0.412509,0.474782,19.006384,26.352891,29.575783,0.723242,13.706624,
323,0.683273,0.687892,0.543749,0.619391,0.803841,5.081673,5.081673,0.103614,0.296790,0.401386,0.460586,18.742014,26.308822,29.678804,0.717331,14.005833,
324,0.681408,0.689312,0.544183,0.620911,0.796318,4.999362,5.090536,0.105118,0.302794,0.411720,0.471554,18.987209,26.281226,29.669639,0.723561,13.711732,
325,0.682128,0.689877,0.544942,0.625420,0.794589,4.999362,4.999362,0.104671,0.300107,0.405035,0.463121,18.820997,26.288322,29.626448,0.721794,13.711315,
326,0.677338,0.683787,0.543575,0.620344,0.788797,4.991347,5.113319,0.103182,0.299667,0.405165,0.463064,18.827526,26.279225,29.580143,0.720079,13.103210,
327,0.681020,0.692017,0.544535,0.621530,0.794151,4.991347,4.991347,0.105848,0.302247,0.409576,0.468648,18.933707,26.381324,29.610073,0.721279,13.595451,
328,0.678797,0.690507,0.545074,0.623337,0.787936,4.990116,5.028537,0.104810,0.299948,0.405419,0.462619,18.816638,26.311798,29.621544,0.719406,13.253803,
329,0.675753,0.691682,0.545689,0.621301,0.781437,4.990116,4.990116,0.105575,0.302287,0.410253,0.469756,18.887840,26.337415,29.572244,0.721207,12.924485,
330,0.676147,0.691876,0.545093,0.622165,0.782993,5.071323,5.071323,0.105251,0.298692,0.403383,0.461107,18.753014,26.329823,29.558773,0.718841,12.973885,
331,0.673615,0.693791,0.545645,0.616114,0.780836,5.076664,5.076664,0.107410,0.301318,0.406262,0.464297,18.784707,26.273731,29.507519,0.723592,12.592736,
332,0.670468,0.690246,0.545436,0.615484,0.775148,4.950613,5.082730,0.107738,0.302762,0.409105,0.468431,18.901755,26.328073,29.518858,0.725549,12.125118,
333,0.670675,0.691430,0.548491,0.616373,0.773438,4.950613,4.950613,0.108025,0.303350,0.410431,0.471011,18.863756,26.308480,29.589167,0.725579,12.189389,
334,0.673120,0.690185,0.546102,0.618792,0.780052,5.031320,5.141632,0.107689,0.303104,0.409527,0.470027,18.857203,26.286873,29.562633,0.725142,12.561067,
335,0.675061,0.691799,0.543186,0.626811,0.779593,4.997612,5.031320,0.107424,0.300590,0.404138,0.461083,18.686962,26.329094,29.508424,0.721523,12.677626,
336,0.674702,0.695245,0.545648,0.623164,0.778458,4.997612,4.997612,0.108332,0.301994,0.406510,0.465229,18.765348,26.265172,29.388535,0.722341,12.664796,
337,0.678408,0.695992,0.546809,0.616190,0.793039,5.016088,5.016088,0.108501,0.300840,0.405024,0.461682,18.764502,26.268684,29.403960,0.719946,13.123413,
338,0.672292,0.688966,0.544304,0.615149,0.781411,5.045270,5.219720,0.106969,0.300609,0.406683,0.468661,18.781007,26.252849,29.501363,0.720867,12.536745,
339,0.677623,0.698644,0.548761,0.622708,0.783186,5.039705,5.045270,0.106730,0.298994,0.403402,0.463555,18.809462,26.273566,29.534956,0.720871,13.178368,
340,0.674420,0.695163,0.544231,0.615118,0.783269,5.039705,5.039705,0.107082,0.300714,0.406444,0.467251,18.844516,26.273228,29.580537,0.723154,12.772456,
341,0.677530,0.695361,0.546617,0.621249,0.784537,5.108517,5.284566,0.107050,0.298553,0.401186,0.457702,18.778912,26.309641,29.792994,0.720288,13.089836,
342,0.673992,0.690603,0.547329,0.620159,0.776662,5.016662,5.108517,0.105755,0.290753,0.385476,0.437083,18.432588,26.254298,29.728693,0.715699,12.439547,
343,0.678024,0.693108,0.546259,0.620215,0.785873,5.016662,5.016662,0.106394,0.291147,0.386443,0.438511,18.491666,26.303388,29.689668,0.715564,12.969374,
344,0.682406,0.693445,0.546976,0.627240,0.789962,5.011619,5.075711,0.108435,0.295360,0.393376,0.447446,18.640616,26.259144,29.489157,0.718974,13.540240,
345,0.680466,0.699238,0.555553,0.624329,0.780843,4.999643,5.011619,0.109713,0.298778,0.398041,0.451086,18.720120,26.234645,29.394259,0.719902,13.204938,
346,0.679994,0.696793,0.551652,0.626970,0.780809,4.999643,4.999643,0.108913,0.294816,0.392164,0.445249,18.520714,26.267156,29.317179,0.717125,13.181537,
347,0.678985,0.694861,0.550589,0.625723,0.780209,4.963058,5.178030,0.108835,0.298237,0.397803,0.452428,18.646826,26.280374,29.461737,0.720975,13.046960,
348,0.680433,0.693922,0.551463,0.630264,0.780487,4.963058,4.963058,0.109186,0.300761,0.401173,0.455886,18.618370,26.289908,29.457348,0.722035,13.213327,
349,0.678488,0.695839,0.549155,0.621336,0.782777,4.977175,5.162331,0.109321,0.299683,0.402285,0.458331,18.731737,26.256677,29.462572,0.724059,13.063302,
350,0.679590,0.695276,0.549009,0.622669,0.784967,4.977175,4.977175,0.109756,0.299928,0.402855,0.461463,18.776742,26.274777,29.621938,0.724173,13.271513,
351,0.681016,0.695894,0.548719,0.622926,0.788830,4.997997,5.181079,0.110762,0.302895,0.405970,0.462080,18.783810,26.266520,29.597530,0.725406,13.360390,
352,0.682522,0.697910,0.546711,0.620687,0.795003,4.997997,4.997997,0.111804,0.303157,0.406866,0.465883,18.776326,26.233004,29.529247,0.724302,13.633909,
353,0.680079,0.699044,0.550330,0.624306,0.783531,5.085070,5.307163,0.111982,0.305647,0.411626,0.472165,18.939295,26.225919,29.590717,0.726574,13.430559,
354,0.680198,0.691866,0.548948,0.632138,0.781496,5.085070,5.085070,0.108078,0.295235,0.391226,0.445526,18.429098,26.206226,29.567409,0.718155,13.274549,
355,0.680966,0.695703,0.553710,0.627688,0.783563,5.014700,5.132874,0.110435,0.298041,0.398121,0.454655,18.656672,26.248489,29.545234,0.721361,13.388721,
356,0.677167,0.697863,0.549019,0.624035,0.778769,5.014700,5.014700,0.112099,0.301829,0.404896,0.465818,18.783628,26.202781,29.571922,0.723726,12.985451,
357,0.675046,0.703192,0.549110,0.616526,0.778148,5.044214,5.255772,0.111272,0.299759,0.402337,0.459266,18.807591,26.214495,29.569035,0.722537,12.657247,
358,0.678290,0.699811,0.551352,0.623290,0.780968,5.044214,5.044214,0.110592,0.296991,0.395095,0.449839,18.548532,26.264490,29.531196,0.718351,12.988677,
359,0.677837,0.704916,0.557562,0.618064,0.778738,5.093090,5.093090,0.112007,0.299857,0.398593,0.452227,18.604438,26.251110,29.494560,0.720781,12.886967,
360,0.677068,0.703788,0.554866,0.620732,0.776011,5.004630,5.144737,0.113331,0.306367,0.409673,0.464727,18.743800,26.297913,29.589164,0.726236,12.740897,
361,0.677490,0.701731,0.547932,0.628443,0.774778,5.004630,5.004630,0.112697,0.306530,0.410128,0.466821,18.721611,26.284184,29.528280,0.724526,12.850450,
362,0.679445,0.702696,0.547816,0.624689,0.782613,5.119696,5.165551,0.112497,0.307733,0.412629,0.470529,18.786778,26.251674,29.668434,0.727933,13.243590,
363,0.677020,0.699214,0.546388,0.624055,0.778318,4.997013,5.119696,0.113388,0.308398,0.415447,0.474892,18.936432,26.253376,29.600622,0.729762,12.903160,
364,0.682290,0.705245,0.545995,0.633163,0.782940,4.997013,4.997013,0.112874,0.306995,0.413382,0.471097,18.889710,26.256259,29.616456,0.730530,13.568541,
365,0.684867,0.698871,0.550427,0.636084,0.785696,4.989163,5.053767,0.113906,0.309079,0.414178,0.472270,18.842533,26.250550,29.543822,0.731630,13.848687,
366,0.684822,0.698835,0.551023,0.634366,0.785713,4.989163,4.989163,0.112146,0.301813,0.400333,0.454322,18.587322,26.273715,29.587173,0.725321,13.704729,
367,0.689641,0.701484,0.553065,0.622034,0.804992,5.031459,5.157238,0.113709,0.305074,0.406361,0.460669,18.624354,26.294001,29.504991,0.729082,14.384924,
368,0.682732,0.700929,0.546065,0.624459,0.788049,5.031459,5.031459,0.115658,0.309847,0.413569,0.468438,18.771159,26.291408,29.574535,0.733401,13.446491,
369,0.686273,0.704103,0.547636,0.628199,0.792044,5.051210,5.072534,0.115113,0.304260,0.402919,0.455605,18.620312,26.259523,29.594692,0.730578,13.843891,
370,0.687374,0.703618,0.547264,0.620020,0.801134,5.051210,5.051210,0.113049,0.301132,0.399222,0.452635,18.519673,26.348302,29.468337,0.725728,14.066408,
371,0.687694,0.698603,0.546422,0.629283,0.798012,5.095325,5.095325,0.112595,0.301909,0.400304,0.453072,18.570374,26.362757,29.408975,0.723462,14.125567,
372,0.685260,0.708636,0.552007,0.626515,0.789605,5.085704,5.156188,0.113668,0.303517,0.404412,0.458759,18.626946,26.327916,29.504595,0.724668,13.853768,
373,0.686003,0.702144,0.555971,0.634274,0.786450,5.085704,5.085704,0.114309,0.304225,0.403601,0.457604,18.648835,26.245937,29.537903,0.725983,13.892383,
374,0.685491,0.703554,0.552560,0.632225,0.788370,5.125193,5.174781,0.114240,0.302834,0.402477,0.457474,18.590595,26.260420,29.574004,0.724134,13.905703,
375,0.683730,0.702521,0.552213,0.630331,0.786210,5.092986,5.125193,0.115312,0.306032,0.406217,0.460579,18.646453,26.230547,29.602781,0.725616,13.584945,
376,0.684716,0.704060,0.552318,0.630448,0.788595,5.092986,5.092986,0.114945,0.304650,0.403141,0.457643,18.585382,26.202873,29.511641,0.726465,13.705526,
377,0.678970,0.698965,0.554303,0.622267,0.780778,5.096962,5.275808,0.114511,0.306035,0.408626,0.465848,18.742715,26.203936,29.442615,0.727556,13.091982,
378,0.679739,0.699390,0.552577,0.621064,0.784931,5.096962,5.096962,0.114053,0.303879,0.403568,0.459220,18.557219,26.191505,29.516916,0.727136,13.124697,
379,0.679301,0.704419,0.551548,0.619875,0.783399,5.166014,5.166014,0.115720,0.307307,0.410615,0.469462,18.750300,26.186956,29.574228,0.732917,13.215050,
380,0.677079,0.701970,0.555364,0.617954,0.778592,5.223899,5.246263,0.114574,0.301763,0.400918,0.454639,18.597045,26.206088,29.534092,0.728583,12.834527,
381,0.683140,0.708502,0.555812,0.622174,0.787582,5.075563,5.223899,0.116358,0.310727,0.417472,0.477059,18.845658,26.191932,29.504812,0.734747,13.714935,
382,0.681775,0.705116,0.554628,0.623173,0.784150,5.075563,5.075563,0.114455,0.305325,0.406582,0.460082,18.601021,26.140548,29.569553,0.729049,13.334126,
383,0.686038,0.703837,0.553833,0.622172,0.794352,5.167029,5.167029,0.116867,0.312880,0.420370,0.479041,18.936411,26.156026,29.534125,0.734689,14.138704,
384,0.690183,0.710923,0.557643,0.627867,0.795945,5.058004,5.201820,0.117543,0.308974,0.411099,0.464895,18.776335,26.121974,29.477498,0.732048,14.390377,
385,0.691318,0.709091,0.561543,0.629927,0.795315,5.022788,5.058004,0.117891,0.309370,0.411489,0.466146,18.748541,26.145087,29.399287,0.732986,14.530671,
386,0.687869,0.702612,0.558658,0.624480,0.794287,5.022788,5.022788,0.117232,0.308279,0.410833,0.467803,18.707198,26.154877,29.408947,0.732481,14.158218,
387,0.687007,0.707311,0.557165,0.626308,0.790987,5.014524,5.030040,0.118121,0.310292,0.412790,0.467623,18.704121,26.229338,29.547142,0.732223,13.943629,
388,0.693711,0.709812,0.560963,0.630804,0.802152,5.014524,5.014524,0.119781,0.312864,0.418653,0.478865,18.862392,26.170294,29.626119,0.736873,15.030844,
389,0.688818,0.706742,0.552872,0.628128,0.797052,5.043763,5.099803,0.117001,0.308137,0.410913,0.467457,18.664796,26.242950,29.707023,0.731655,14.300167,
390,0.685976,0.700291,0.553171,0.626758,0.792995,5.043763,5.043763,0.117303,0.307306,0.408143,0.461492,18.563269,26.237034,29.514576,0.732171,13.797341,
391,0.684876,0.703559,0.553764,0.621314,0.793970,5.055822,5.055822,0.118041,0.308053,0.410578,0.466706,18.641372,26.215363,29.497189,0.730074,13.752398,
392,0.684991,0.705008,0.559750,0.627346,0.787066,5.071891,5.071891,0.116889,0.306891,0.408027,0.462844,18.532123,26.222459,29.379961,0.729660,13.741533,
393,0.686105,0.710327,0.557389,0.628003,0.789300,5.071283,5.183919,0.118553,0.309498,0.411665,0.466923,18.650661,26.176984,29.405702,0.732472,13.873123,
394,0.686646,0.707288,0.559703,0.633925,0.786393,5.071283,5.071283,0.118364,0.309008,0.411077,0.467175,18.621610,26.164620,29.442081,0.731179,13.973732,
395,0.688103,0.709208,0.559633,0.628716,0.793746,5.111138,5.364588,0.119010,0.311664,0.416678,0.476747,18.786960,26.239588,29.501687,0.734571,14.339679,
396,0.684124,0.702869,0.555245,0.629864,0.786769,5.111138,5.111138,0.117710,0.309814,0.413142,0.472568,18.661148,26.148101,29.416445,0.732639,13.780331,
397,0.686280,0.706779,0.564647,0.625005,0.789964,5.115566,5.162536,0.117564,0.310026,0.412643,0.472908,18.672358,26.160492,29.593250,0.732355,14.077265,
398,0.687084,0.710401,0.558165,0.623609,0.794644,5.115566,5.115566,0.117474,0.306500,0.406635,0.462025,18.605107,26.208886,29.591936,0.729375,14.044378,
399,0.684965,0.712981,0.555371,0.618021,0.794049,5.130944,5.247522,0.116676,0.303520,0.404161,0.462437,18.618734,26.212205,29.625656,0.728538,13.908656,
400,0.685379,0.710166,0.554331,0.619548,0.794904,5.053526,5.130944,0.116865,0.304192,0.403452,0.458183,18.541175,26.184786,29.582917,0.728255,13.772891,
401,0.688222,0.709262,0.561217,0.617448,0.799234,5.053526,5.053526,0.119044,0.312759,0.418397,0.480101,18.788465,26.219460,29.586377,0.733496,14.360746,
402,0.689402,0.704609,0.555813,0.628461,0.796803,5.009504,5.203694,0.117981,0.310595,0.411446,0.466980,18.667693,26.192309,29.508571,0.732347,14.238355,
403,0.693118,0.711697,0.560756,0.635856,0.795085,5.009504,5.009504,0.119708,0.311738,0.413211,0.468427,18.759418,26.213146,29.487002,0.734241,14.714513,
404,0.689142,0.709747,0.560322,0.629344,0.790461,5.050875,5.050875,0.118885,0.310607,0.411333,0.466623,18.677782,26.196264,29.476522,0.733159,14.214735,
405,0.696295,0.711990,0.562653,0.634525,0.802445,4.993310,5.163642,0.119481,0.310814,0.410778,0.465524,18.681993,26.232206,29.515170,0.734304,15.096655,
406,0.692504,0.711430,0.558889,0.635605,0.794802,4.993310,4.993310,0.118006,0.306688,0.405469,0.458806,18.611662,26.263715,29.438847,0.731468,14.588012,
407,0.692454,0.716169,0.556680,0.636647,0.794053,5.027328,5.223183,0.119912,0.311617,0.416363,0.473861,18.844150,26.178589,29.404261,0.735140,14.780394,
408,0.692026,0.712823,0.561774,0.628427,0.797653,5.027328,5.027328,0.121362,0.316197,0.424745,0.485042,18.988179,26.168257,29.501235,0.739556,14.837298,
409,0.689235,0.715095,0.565726,0.621573,0.794253,5.116926,5.155230,0.119877,0.312174,0.418534,0.479189,18.825859,26.186064,29.458968,0.735393,14.532768,
410,0.690620,0.711285,0.569838,0.629128,0.791670,5.116926,5.116926,0.120160,0.310329,0.412620,0.468561,18.680985,26.162346,29.391340,0.734373,14.508368,
411,0.695551,0.710754,0.565420,0.630633,0.805841,5.177828,5.184823,0.120506,0.311346,0.412522,0.469612,18.649479,26.162131,29.410353,0.735491,15.209697,
412,0.695341,0.716801,0.563030,0.628269,0.805530,5.091315,5.177828,0.122918,0.321032,0.429952,0.492073,18.927529,26.250018,29.597700,0.742765,15.345960,
413,0.688553,0.710767,0.558977,0.624330,0.794954,5.091315,5.091315,0.120884,0.314322,0.418525,0.477359,18.770380,26.201026,29.442171,0.738669,14.281890,
414,0.684864,0.711235,0.553988,0.623320,0.788052,5.174888,5.174888,0.118983,0.309172,0.411523,0.470328,18.731357,26.214026,29.544589,0.736209,13.880881,
415,0.689215,0.712672,0.559820,0.621055,0.796915,5.193645,5.205375,0.120451,0.314536,0.420755,0.481186,18.906503,26.209563,29.475463,0.740241,14.547396,
416,0.683587,0.710941,0.563366,0.622278,0.781360,5.173276,5.193645,0.118138,0.307753,0.408908,0.465590,18.634000,26.236894,29.455294,0.734122,13.652365,
417,0.681851,0.712011,0.562521,0.617120,0.781494,5.095628,5.173276,0.118800,0.306340,0.406205,0.463574,18.600216,26.170303,29.363555,0.733337,13.362469,
418,0.679858,0.711842,0.560715,0.623882,0.772643,5.095628,5.095628,0.118711,0.305414,0.404630,0.460689,18.627480,26.143267,29.335460,0.734244,13.063935,
419,0.682707,0.711961,0.557250,0.626515,0.779504,5.035550,5.399439,0.121009,0.311431,0.412940,0.470541,18.740822,26.127242,29.297470,0.737631,13.384341,
420,0.681392,0.712524,0.560148,0.621340,0.779050,5.017927,5.035550,0.120050,0.306627,0.405560,0.461490,18.573487,26.189222,29.327418,0.732776,13.167593,
421,0.681903,0.712661,0.560615,0.623563,0.778030,5.017927,5.017927,0.120893,0.309962,0.411229,0.467871,18.733701,26.157066,29.377387,0.736101,13.252921,
422,0.681307,0.713309,0.559305,0.624207,0.776633,5.230209,5.230209,0.119904,0.307799,0.405239,0.459099,18.575143,26.135686,29.377197,0.734387,13.212638,
423,0.679035,0.707542,0.557496,0.622158,0.774700,5.078259,5.299784,0.117605,0.301790,0.398590,0.451964,18.482126,26.231439,29.293523,0.728595,12.891398,
424,0.682670,0.711386,0.560920,0.622964,0.779015,5.078259,5.078259,0.119533,0.306033,0.405303,0.459063,18.642814,26.210330,29.248536,0.734321,13.349493,
425,0.684320,0.708642,0.560856,0.629215,0.779158,5.089463,5.089463,0.119293,0.306760,0.404912,0.458728,18.568040,26.170744,29.278577,0.734731,13.545879,
426,0.690928,0.712212,0.560236,0.637070,0.788178,5.053624,5.338207,0.122033,0.312719,0.414418,0.469944,18.741869,26.155355,29.134081,0.738905,14.427935,
427,0.696335,0.709431,0.561022,0.633544,0.804124,5.053624,5.053624,0.121240,0.313223,0.413965,0.469815,18.678697,26.201477,29.140931,0.737950,15.149481,
428,0.692446,0.710766,0.559541,0.637785,0.791259,5.063056,5.131711,0.122047,0.316064,0.420086,0.479995,18.786076,26.161134,29.149657,0.738502,14.783482,
429,0.689949,0.709353,0.562880,0.632696,0.787923,5.063056,5.063056,0.121875,0.314205,0.416933,0.473793,18.742747,26.172435,29.266876,0.739192,14.349031,
430,0.697326,0.712127,0.568135,0.639765,0.798310,5.233283,5.233283,0.122032,0.312768,0.413752,0.470440,18.698735,26.172966,29.218835,0.738073,15.445187,
431,0.698427,0.715245,0.572168,0.636433,0.801144,5.126359,5.249678,0.122559,0.315770,0.419862,0.478900,18.808273,26.121924,29.273625,0.739891,15.624287,
432,0.693458,0.712563,0.562693,0.633539,0.796371,5.126359,5.126359,0.123604,0.315208,0.417372,0.473747,18.734145,26.109267,29.312139,0.740391,14.815922,
433,0.692453,0.713295,0.566304,0.634972,0.791245,5.081634,5.283300,0.123117,0.313510,0.413646,0.470217,18.684147,26.079495,29.393341,0.740314,14.623474,
434,0.695739,0.710431,0.569433,0.644237,0.791208,5.081634,5.081634,0.124140,0.319812,0.424703,0.484383,18.887965,26.190046,29.578547,0.745978,15.207849,
435,0.687804,0.711879,0.566116,0.635748,0.779495,5.152882,5.260381,0.123383,0.313085,0.413131,0.469317,18.720061,26.073018,29.500898,0.742599,14.037848,
436,0.687420,0.713948,0.562084,0.637862,0.778068,5.152882,5.152882,0.123932,0.312631,0.411917,0.467283,18.727243,26.068229,29.523964,0.740156,13.945438,
437,0.689054,0.719625,0.562584,0.628641,0.787541,5.103546,5.642705,0.124294,0.313282,0.413240,0.467162,18.781193,26.060637,29.560391,0.741205,14.095108,
438,0.683032,0.713434,0.559637,0.623062,0.779913,5.103546,5.103546,0.122549,0.310946,0.411220,0.465352,18.721692,26.118257,29.399486,0.738994,13.347810,
439,0.689086,0.715104,0.562584,0.630857,0.787547,4.990883,5.110703,0.122083,0.310729,0.411956,0.467273,18.700595,26.074515,29.356950,0.736505,14.138168,
440,0.687517,0.716994,0.563084,0.627956,0.785148,4.990883,4.990883,0.123205,0.314757,0.419061,0.478284,18.825572,26.025658,29.323180,0.740204,14.048786,
441,0.688347,0.716027,0.566695,0.628385,0.786471,5.212226,5.225823,0.122604,0.310885,0.409190,0.465043,18.605499,26.019670,29.391587,0.738543,14.140431,
442,0.688594,0.716151,0.568332,0.635712,0.780869,5.212226,5.212226,0.124093,0.314198,0.416161,0.473017,18.775649,26.069612,29.431334,0.742942,14.234193,
443,0.685713,0.717159,0.568296,0.632189,0.776277,5.176751,5.218440,0.124603,0.312722,0.410469,0.465355,18.590708,26.120451,29.181280,0.740979,13.675630,
444,0.686232,0.716292,0.565851,0.631129,0.779599,5.176751,5.176751,0.125333,0.315707,0.417417,0.474884,18.722575,26.127709,29.214358,0.745183,13.867514,
445,0.686159,0.710749,0.563003,0.631274,0.781924,5.131826,5.320324,0.122188,0.310245,0.410457,0.467991,18.662642,26.095371,29.190878,0.739398,13.888481,
446,0.687944,0.715907,0.563090,0.629308,0.785088,5.131826,5.131826,0.124505,0.315295,0.420699,0.480801,18.918292,26.151390,29.140406,0.742826,14.245552,
447,0.687785,0.713355,0.561147,0.630231,0.786056,5.088881,5.393929,0.123068,0.309669,0.408024,0.462623,18.621971,26.058396,29.219150,0.740091,13.951788,
448,0.688043,0.711323,0.558779,0.627616,0.789965,5.088881,5.088881,0.124434,0.315118,0.417765,0.474510,18.785386,26.092813,29.089851,0.743866,14.066942,
449,0.689338,0.713718,0.556522,0.632179,0.789911,5.173926,5.369355,0.125032,0.315529,0.416681,0.472077,18.727665,26.065198,29.097670,0.744104,14.221104,
450,0.694042,0.713293,0.562382,0.641456,0.791738,5.173926,5.173926,0.124427,0.314686,0.412794,0.464365,18.629488,26.077680,29.147813,0.746217,14.697556,
451,0.696208,0.718724,0.560206,0.640180,0.796765,5.185308,5.185308,0.126738,0.321248,0.426707,0.484437,18.957560,26.107197,29.074323,0.749892,15.271720,
452,0.697257,0.714624,0.561372,0.638671,0.800560,5.264368,5.264368,0.127458,0.322854,0.427654,0.486051,18.884798,26.061607,28.997756,0.749899,15.456671,
453,0.696337,0.712177,0.563536,0.636494,0.798620,5.078715,5.445024,0.125670,0.318919,0.421143,0.475507,18.738689,26.068666,29.084300,0.746476,15.059658,
454,0.694315,0.713920,0.562496,0.637493,0.792847,5.078715,5.078715,0.125895,0.317707,0.419145,0.474987,18.682623,26.077256,29.156221,0.745145,14.812648,
455,0.689632,0.710208,0.558887,0.635318,0.786225,5.082479,5.357970,0.123632,0.311955,0.405680,0.453246,18.349674,26.024980,29.088956,0.740257,13.870515,
456,0.691055,0.712890,0.563184,0.631718,0.789883,5.082479,5.082479,0.125304,0.314612,0.410882,0.461691,18.445953,26.082265,29.010835,0.743295,14.151009,
457,0.686414,0.710235,0.559053,0.628147,0.784214,5.134887,5.154924,0.123277,0.309543,0.402372,0.451503,18.334336,26.053338,29.161418,0.738534,13.537028,
458,0.689684,0.716976,0.558175,0.624773,0.793041,5.134887,5.134887,0.126789,0.321626,0.426290,0.484706,18.824577,26.077853,29.228496,0.749207,14.333138,
459,0.682836,0.712157,0.558794,0.625801,0.777406,5.096316,5.187246,0.123315,0.310758,0.407202,0.460873,18.443214,26.039438,29.161017,0.741401,13.208832,
460,0.687715,0.718392,0.561026,0.628417,0.784697,5.096316,5.096316,0.127353,0.320184,0.424475,0.485753,18.831883,26.085395,29.065857,0.748549,14.111936,
461,0.689460,0.715859,0.558251,0.631743,0.790066,5.155942,5.155942,0.125549,0.316288,0.416466,0.473801,18.619539,26.071182,28.940574,0.744874,14.237539,
462,0.687449,0.717515,0.565381,0.629158,0.783359,5.195612,5.195612,0.125331,0.314354,0.413419,0.469902,18.613584,26.098298,28.903529,0.742800,13.969358,
463,0.690943,0.722674,0.570060,0.636066,0.782929,5.175600,5.290487,0.127824,0.318878,0.420896,0.480438,18.729826,26.051530,28.991883,0.748036,14.510288,
464,0.694456,0.721123,0.563649,0.640602,0.791762,5.175600,5.175600,0.127350,0.318619,0.421000,0.480571,18.739417,26.071811,29.001319,0.746506,15.008101,
465,0.696619,0.721165,0.568884,0.636717,0.796790,5.170041,5.400139,0.127575,0.320214,0.424155,0.484854,18.815068,26.092591,29.048114,0.747154,15.357990,
466,0.693280,0.720419,0.569851,0.631123,0.791799,5.170041,5.170041,0.127059,0.315436,0.415859,0.473020,18.600670,26.072535,29.006597,0.743548,14.761362,
467,0.693961,0.718320,0.570608,0.628063,0.794929,5.233454,5.233454,0.128517,0.320339,0.424323,0.484744,18.808358,26.049768,29.105007,0.748213,15.023393,
468,0.693393,0.718314,0.572424,0.629199,0.791283,5.160414,5.300329,0.128360,0.319237,0.421647,0.478303,18.753753,25.985534,29.028645,0.746337,14.754725,
469,0.695266,0.719646,0.569209,0.631754,0.794833,5.160414,5.160414,0.127971,0.321150,0.425044,0.482566,18.767763,25.990340,29.037388,0.745417,15.061943,
470,0.694155,0.720659,0.566684,0.632418,0.792706,5.184515,5.184515,0.128463,0.320735,0.423927,0.478702,18.779011,25.953726,28.948339,0.747534,14.831002,
471,0.694108,0.720403,0.568761,0.634948,0.789985,5.180619,5.253749,0.128727,0.322345,0.426676,0.482719,18.845798,26.014813,29.074807,0.749862,14.870653,
472,0.696615,0.723127,0.570389,0.639475,0.791398,5.180619,5.180619,0.129454,0.323873,0.427133,0.482657,18.843802,26.086889,29.025303,0.750919,15.150682,
473,0.698064,0.724638,0.568246,0.638280,0.796912,5.269581,5.278840,0.127970,0.321325,0.423907,0.478859,18.752927,26.030126,28.978464,0.749128,15.420763,
474,0.694489,0.722972,0.565616,0.633273,0.793738,5.269581,5.269581,0.127776,0.321096,0.423661,0.477319,18.820903,26.018875,29.052310,0.749587,14.897989,
475,0.693934,0.723355,0.572948,0.637727,0.785590,5.271122,5.296744,0.129036,0.322732,0.426653,0.481807,18.842851,26.036150,29.032332,0.751122,14.872959,
476,0.693638,0.721415,0.565878,0.629736,0.794751,5.271122,5.271122,0.131242,0.323865,0.427278,0.484254,18.874936,25.997208,29.070654,0.752574,14.836277,
477,0.693275,0.719061,0.568584,0.630139,0.792654,5.178008,5.347566,0.130919,0.324560,0.426107,0.482257,18.801205,25.987561,29.065414,0.750924,14.638791,
478,0.689858,0.717066,0.566408,0.627261,0.787975,5.178008,5.178008,0.128785,0.320336,0.420389,0.475021,18.699952,26.020319,29.070241,0.746126,14.153620,
479,0.693111,0.724133,0.568007,0.636378,0.787069,5.227674,5.294182,0.128066,0.316027,0.415142,0.471462,18.637407,25.952554,29.033925,0.744065,14.708674,
480,0.694009,0.721090,0.569352,0.634038,0.791054,5.043671,5.227674,0.128838,0.319885,0.423357,0.483285,18.867454,25.986428,29.004817,0.745853,14.858391,
481,0.695812,0.726047,0.571435,0.630962,0.795548,5.043671,5.043671,0.128989,0.316604,0.414431,0.468187,18.634866,25.977724,28.930096,0.741932,14.819332,
482,0.692972,0.728968,0.573680,0.633056,0.785414,5.232665,5.245585,0.127740,0.312870,0.409752,0.464238,18.526629,25.961329,28.722158,0.741642,14.629238,
483,0.690184,0.725086,0.571394,0.629164,0.783461,5.222086,5.232665,0.128065,0.311829,0.410562,0.467023,18.571280,26.032354,28.783279,0.739839,14.350329,
484,0.695588,0.723958,0.567702,0.634489,0.796128,5.173042,5.222086,0.127989,0.313139,0.409673,0.462453,18.519822,26.000736,28.903345,0.741159,14.879746,
485,0.697603,0.729102,0.568572,0.633372,0.799957,5.173042,5.173042,0.132382,0.323243,0.424729,0.479328,18.800032,25.991415,28.952239,0.749261,15.180161,
486,0.697903,0.721862,0.570350,0.638225,0.798210,5.195616,5.237612,0.129976,0.320484,0.419660,0.473370,18.671137,25.998280,28.889983,0.748318,15.203270,
487,0.699479,0.724314,0.568864,0.642794,0.797164,5.195616,5.195616,0.130643,0.320879,0.420121,0.473977,18.731962,26.040459,28.967871,0.749359,15.414405,
488,0.697978,0.721195,0.570875,0.636896,0.796730,5.149725,5.327685,0.130663,0.320273,0.419608,0.474383,18.727324,25.997565,28.973437,0.750790,15.206550,
489,0.698568,0.720738,0.568286,0.638011,0.796935,5.149725,5.149725,0.129435,0.321541,0.424724,0.482658,18.789062,25.951911,29.014002,0.751575,15.481100,
490,0.696702,0.717364,0.571115,0.632852,0.794454,5.206212,5.206212,0.128127,0.318809,0.420758,0.479035,18.775928,25.999846,29.084381,0.748820,15.281605,
491,0.694288,0.719531,0.569957,0.630197,0.790052,5.359185,5.366667,0.128153,0.320991,0.424076,0.483371,18.732967,25.996227,29.098033,0.748435,15.106264,
492,0.696147,0.721283,0.570248,0.629586,0.794862,5.169754,5.359185,0.128338,0.316268,0.415149,0.469742,18.726236,26.021157,29.014239,0.746857,15.020324,
493,0.694972,0.722284,0.574835,0.630160,0.790922,5.169754,5.169754,0.127297,0.314739,0.413469,0.467869,18.657407,25.973666,28.921713,0.742922,14.879389,
494,0.692522,0.718209,0.568808,0.629115,0.790825,5.203543,5.203543,0.126146,0.313583,0.413058,0.466377,18.624425,26.047848,28.911489,0.742481,14.588014,
495,0.693068,0.720542,0.567113,0.634836,0.789440,5.205754,5.349207,0.127269,0.314045,0.411613,0.463796,18.550537,26.044450,28.970110,0.741437,14.569029,
496,0.699662,0.722558,0.572002,0.639271,0.799723,5.205754,5.205754,0.129980,0.322652,0.428052,0.484627,18.971912,26.042589,28.963745,0.748904,15.683429,
497,0.692591,0.723414,0.576372,0.638668,0.781005,5.091748,5.230543,0.128578,0.315006,0.413615,0.466485,18.745469,26.010380,29.064338,0.743052,14.436436,
498,0.696931,0.721970,0.572357,0.647901,0.787739,5.091748,5.091748,0.127963,0.316153,0.412920,0.464789,18.565033,25.934990,28.992007,0.742284,14.947502,
499,0.698259,0.725828,0.567604,0.645208,0.793937,5.174698,5.174698,0.131339,0.328174,0.435330,0.494106,18.981935,25.983259,29.031257,0.753630,15.527038,
