Frame,integer_adm2_egl_1,integer_adm_scale0_egl_1,integer_adm_scale1_egl_1,integer_adm_scale2_egl_1,integer_adm_scale3_egl_1,integer_motion2,integer_motion,integer_vif_scale0_egl_1,integer_vif_scale1_egl_1,integer_vif_scale2_egl_1,integer_vif_scale3_egl_1,psnr_y,psnr_cb,psnr_cr,vmaf,
0,0.985824,0.979069,0.981185,0.986841,0.988659,0.000000,0.000000,0.825674,0.980740,0.989375,0.991626,42.888004,46.973900,47.668296,93.088385,
1,0.989269,0.982306,0.986464,0.989690,0.991685,2.057859,3.133171,0.842827,0.987746,0.993257,0.995448,44.413378,46.971275,47.708535,97.085204,
2,0.991747,0.984257,0.987916,0.992642,0.994324,2.057859,2.057859,0.857910,0.990410,0.994747,0.996264,45.050050,47.328836,48.195718,97.776001,
3,0.991194,0.983359,0.986427,0.991216,0.994876,2.230503,3.561756,0.848253,0.989594,0.994720,0.996550,44.514509,46.775783,47.818122,97.897620,
4,0.990647,0.981979,0.984596,0.991251,0.994626,1.181002,2.230503,0.846359,0.989437,0.994785,0.996673,44.353868,47.437898,48.001819,96.399019,
5,0.990936,0.981733,0.986517,0.991622,0.994342,1.181002,1.181002,0.851495,0.989452,0.994719,0.996013,44.537447,47.428559,48.160378,96.406531,
6,0.990134,0.980003,0.985133,0.990970,0.993816,2.045057,3.904366,0.838991,0.988070,0.993586,0.995601,44.032078,46.704622,47.714136,97.284826,
7,0.990282,0.980405,0.983618,0.990736,0.994843,2.045057,2.045057,0.852060,0.988937,0.994094,0.995851,44.595215,47.253137,48.039912,97.367705,
8,0.990584,0.982022,0.985674,0.990536,0.994538,2.867041,4.426156,0.855617,0.989210,0.994464,0.995931,44.773357,47.284048,48.068872,98.539762,
9,0.990557,0.980633,0.985281,0.990718,0.994836,2.128716,2.867041,0.858910,0.989722,0.994810,0.996616,44.922783,47.956149,48.423538,97.637813,
10,0.991808,0.980967,0.987287,0.993548,0.994893,2.128716,2.128716,0.862395,0.991223,0.995496,0.997001,45.168492,48.188071,48.766701,97.981506,
11,0.991244,0.982461,0.986428,0.991599,0.994962,1.544434,2.574802,0.861432,0.991206,0.995281,0.996472,45.179421,47.870741,48.677169,97.030346,
12,0.990710,0.982394,0.984819,0.992380,0.993819,1.544434,1.544434,0.858333,0.990836,0.994893,0.996163,45.006683,47.623545,48.031195,96.869122,
13,0.990848,0.981511,0.985161,0.992071,0.994438,1.624470,1.624470,0.855198,0.989899,0.994711,0.996802,44.875882,47.649236,48.112336,97.043413,
14,0.990209,0.981161,0.985884,0.990696,0.993734,2.572606,2.572606,0.848549,0.988337,0.993648,0.995921,44.536623,47.291386,47.802206,98.027292,
15,0.990643,0.981322,0.985401,0.991511,0.994283,1.603383,2.722379,0.851654,0.990101,0.994707,0.996846,44.725999,47.359144,47.708535,96.974339,
16,0.991583,0.983568,0.986648,0.992065,0.995093,1.475968,1.603383,0.854641,0.991155,0.995177,0.996223,44.888128,47.525852,48.045286,96.986964,
17,0.990835,0.981968,0.986068,0.990963,0.994774,1.475968,1.475968,0.855428,0.990139,0.994392,0.996292,44.877259,47.354556,47.788881,96.789190,
18,0.990110,0.979154,0.985135,0.991448,0.993708,2.559215,2.559215,0.842469,0.988426,0.993643,0.995128,44.308717,46.931570,47.555170,97.922353,
19,0.990315,0.982986,0.984984,0.990594,0.993974,2.403296,3.947936,0.845895,0.987656,0.993139,0.995170,44.387174,47.104505,47.307802,97.741091,
20,0.990234,0.981715,0.986401,0.991317,0.992983,2.403296,2.403296,0.850196,0.987071,0.992313,0.994377,44.418988,47.372363,47.684347,97.621550,
21,0.990026,0.983028,0.985590,0.990452,0.993111,2.849915,2.941032,0.857024,0.988647,0.993687,0.995607,44.689459,47.414587,47.960101,98.332592,
22,0.987343,0.980561,0.984161,0.987499,0.990103,2.381322,2.849915,0.843456,0.985705,0.992709,0.994954,44.042961,47.141462,47.815571,97.016231,
23,0.989487,0.980366,0.985355,0.990204,0.992745,1.791948,2.381322,0.852005,0.989074,0.994363,0.996008,44.499779,47.407618,48.102791,96.884524,
24,0.991504,0.982465,0.988275,0.991570,0.994900,1.212429,1.791948,0.859132,0.989954,0.994579,0.996447,44.992684,47.328266,47.846919,96.604122,
25,0.992347,0.985664,0.987805,0.993071,0.995234,1.212429,1.212429,0.869743,0.991178,0.994952,0.996299,45.517874,47.873970,48.052012,96.800513,
26,0.991343,0.982678,0.986295,0.992245,0.994765,2.157284,2.157284,0.861184,0.991401,0.995157,0.996341,45.105621,47.796490,48.053358,97.849905,
27,0.990981,0.979975,0.986981,0.991266,0.995021,2.491421,2.612113,0.856986,0.990981,0.995181,0.996791,44.906522,47.749778,48.175587,98.244603,
28,0.990307,0.980734,0.984891,0.991381,0.993949,2.491421,2.491421,0.850547,0.989045,0.994586,0.996399,44.574765,47.460161,47.846919,98.026877,
29,0.988574,0.980037,0.984600,0.988834,0.991979,3.066135,3.139193,0.833005,0.986004,0.992924,0.995074,43.796702,47.225226,47.521680,98.194850,
30,0.990763,0.981589,0.985049,0.992292,0.994056,3.066135,3.066135,0.847926,0.988224,0.994058,0.995791,44.428767,47.223001,47.668296,98.800194,
31,0.990406,0.981407,0.986258,0.990833,0.993830,1.656642,4.159500,0.857744,0.990215,0.994793,0.995579,44.999844,47.524660,48.179745,96.897696,
32,0.991426,0.981434,0.987152,0.992339,0.994767,1.336601,1.656642,0.865893,0.991834,0.995647,0.996947,45.395037,47.989195,48.420606,96.851336,
33,0.991643,0.982219,0.986902,0.992606,0.994944,1.325819,1.336601,0.863353,0.991117,0.995176,0.996398,45.322178,47.658448,47.842427,96.815075,
34,0.990329,0.981069,0.985749,0.990612,0.993962,1.325819,1.325819,0.845682,0.989273,0.993932,0.995651,44.494064,47.327126,47.783815,96.401724,
35,0.991675,0.983243,0.985623,0.992598,0.995161,2.290565,2.484406,0.856176,0.990996,0.995526,0.997019,44.902609,47.445502,47.584688,98.165392,
36,0.991279,0.981183,0.986151,0.992345,0.994668,1.085538,2.290565,0.850615,0.989145,0.994412,0.996461,44.611111,47.281793,47.663985,96.374569,
37,0.991075,0.982644,0.986807,0.991450,0.994240,1.085538,1.085538,0.861331,0.991208,0.995130,0.996207,45.208089,47.570205,47.968677,96.352812,
38,0.991705,0.981724,0.987099,0.993061,0.994639,0.775475,1.477428,0.861880,0.991378,0.995245,0.996505,45.296228,47.612581,48.078343,96.104208,
39,0.990764,0.980169,0.986056,0.991475,0.994285,0.775475,0.775475,0.857565,0.990643,0.994364,0.995524,45.036330,47.612581,48.163830,95.777608,
40,0.992210,0.981301,0.987607,0.993288,0.995499,0.763833,2.571862,0.859078,0.991252,0.995446,0.996561,45.098028,47.496731,47.830258,96.211396,
41,0.991048,0.980605,0.985887,0.990930,0.995263,0.763833,0.763833,0.855015,0.989340,0.994320,0.996300,44.908154,47.960101,47.830258,95.877422,
42,0.991857,0.983501,0.987417,0.992490,0.994856,1.237803,2.112758,0.864288,0.990586,0.995509,0.996997,45.262368,47.897292,48.389940,96.804518,
43,0.991455,0.981578,0.986044,0.992413,0.994932,1.151986,1.237803,0.857832,0.990587,0.994971,0.996513,45.020476,47.382736,47.894045,96.538432,
44,0.992516,0.984712,0.987045,0.993154,0.995776,0.816528,1.151986,0.865063,0.991623,0.995838,0.997066,45.403534,47.565990,48.079698,96.408798,
45,0.991822,0.982959,0.987057,0.991653,0.995602,0.816528,0.816528,0.859537,0.989486,0.994524,0.996179,45.125047,47.903142,48.208957,96.116910,
46,0.990997,0.981439,0.986339,0.991172,0.994649,1.093762,1.830254,0.855715,0.989388,0.994330,0.996468,44.922210,47.420985,47.836018,96.322315,
47,0.991410,0.982113,0.987015,0.992193,0.994482,1.093762,1.093762,0.856857,0.989164,0.994013,0.996040,44.953922,47.743503,47.904443,96.363043,
48,0.991016,0.980278,0.985334,0.991839,0.994822,1.487361,1.487361,0.858663,0.990373,0.994966,0.996314,45.125047,47.848204,48.075635,96.873103,
49,0.991587,0.982209,0.987163,0.992492,0.994585,0.819170,1.489912,0.864162,0.991668,0.995583,0.996851,45.438055,47.538991,48.057400,96.181503,
50,0.991431,0.981312,0.986871,0.991569,0.995183,0.819170,0.819170,0.858784,0.991448,0.995583,0.996841,45.166413,47.616842,47.983891,96.145460,
51,0.990815,0.981731,0.985279,0.991019,0.994661,2.090426,2.631266,0.850129,0.988050,0.993415,0.995252,44.627066,47.407618,47.735361,97.460585,
52,0.991099,0.983365,0.986784,0.991670,0.993970,1.036531,2.090426,0.859866,0.988926,0.993918,0.996098,45.074820,47.704184,48.154171,96.217922,
53,0.991726,0.982775,0.986709,0.992555,0.994952,1.036531,1.036531,0.854866,0.990244,0.994608,0.996060,44.998511,47.586501,48.035887,96.388679,
54,0.990629,0.981628,0.985486,0.990040,0.994857,1.132357,2.568333,0.847598,0.988944,0.994131,0.996035,44.662312,47.126750,47.368335,96.247425,
55,0.991556,0.983547,0.985868,0.991540,0.995369,1.132357,1.132357,0.860847,0.991674,0.995715,0.997204,45.302835,47.839862,47.971980,96.628749,
56,0.990525,0.981243,0.985220,0.990811,0.994297,2.323698,2.323698,0.837291,0.987676,0.993506,0.995682,44.188852,47.281229,47.638207,97.737132,
57,0.989606,0.980417,0.983361,0.990164,0.993455,2.968231,2.968231,0.837964,0.985488,0.992436,0.995085,44.132322,47.147470,47.418657,98.272183,
58,0.990916,0.982888,0.984762,0.990856,0.994858,2.394758,2.987564,0.851897,0.989642,0.994777,0.996300,44.811890,47.323141,47.984554,98.037072,
59,0.990751,0.981924,0.985967,0.990438,0.994483,2.192448,2.394758,0.845087,0.988576,0.994167,0.995806,44.589146,47.299869,47.563583,97.660116,
60,0.991379,0.982187,0.984707,0.991796,0.995306,2.192448,2.192448,0.852720,0.990322,0.995164,0.996673,45.002429,47.601645,47.800935,97.922785,
61,0.990201,0.980430,0.984747,0.991330,0.993324,1.668488,2.487815,0.846029,0.988369,0.993263,0.994893,44.762061,47.640656,47.810475,96.733663,
62,0.991310,0.982223,0.985358,0.991914,0.994798,1.668488,1.668488,0.852380,0.989553,0.994321,0.995980,45.017547,47.560577,48.134918,97.117181,
63,0.990434,0.981947,0.984868,0.989619,0.994646,1.629906,2.021967,0.846765,0.987631,0.993544,0.995687,44.752289,47.584688,47.683729,96.805984,
64,0.991671,0.985081,0.986816,0.990459,0.995554,1.629906,1.629906,0.856936,0.990559,0.995023,0.996617,45.191771,47.864290,48.332119,97.233022,
65,0.991307,0.981739,0.986274,0.992020,0.994619,1.959605,2.164083,0.852679,0.989138,0.993916,0.995657,44.974254,47.601645,48.170050,97.456183,
66,0.990321,0.982785,0.984781,0.990405,0.993843,1.550406,1.959605,0.848707,0.987551,0.993283,0.995558,44.729052,47.312341,47.521084,96.653744,
67,0.991511,0.983708,0.986142,0.991333,0.995246,1.550406,1.550406,0.856425,0.989959,0.994874,0.996689,45.191336,47.555771,47.832817,97.088605,
68,0.991808,0.982807,0.986722,0.992668,0.994992,1.431208,1.658561,0.852676,0.989779,0.994368,0.996049,44.966473,47.505625,47.964057,96.919200,
69,0.991646,0.982604,0.986572,0.991496,0.995513,1.431208,1.431208,0.851744,0.989237,0.994341,0.996173,45.050640,47.546174,47.804112,96.889866,
70,0.991133,0.981454,0.986550,0.990862,0.995012,2.299395,2.299395,0.852721,0.990128,0.994693,0.996122,45.037507,47.522872,48.047302,97.943722,
71,0.990561,0.981541,0.985196,0.990712,0.994268,2.264273,2.389558,0.847625,0.988911,0.994063,0.996060,44.826839,47.502658,48.079020,97.731453,
72,0.992398,0.984159,0.986980,0.992628,0.995846,2.264273,2.264273,0.858552,0.990004,0.994415,0.996321,45.329005,47.727233,48.428674,98.178976,
73,0.990843,0.980628,0.984594,0.991392,0.994707,2.292882,2.292882,0.846872,0.989282,0.994375,0.996600,44.786983,47.481948,47.919433,97.889497,
74,0.990894,0.982625,0.987064,0.991275,0.993610,2.547884,3.090309,0.853677,0.990150,0.994904,0.996516,45.061614,48.184600,48.434550,98.259686,
75,0.992109,0.985098,0.986503,0.992012,0.995501,2.430311,2.547884,0.871651,0.991171,0.995428,0.996653,45.804877,48.754023,49.033414,98.418709,
76,0.992129,0.984073,0.987604,0.991289,0.995844,2.430311,2.430311,0.867950,0.991333,0.995600,0.997091,45.566784,48.520670,48.729565,98.464790,
77,0.991811,0.984927,0.987200,0.991631,0.994829,2.910809,2.910809,0.871952,0.991209,0.995123,0.996555,45.870059,48.540209,48.770670,98.964752,
78,0.991560,0.982817,0.986412,0.991549,0.995004,2.166212,3.216697,0.861813,0.989213,0.994160,0.996273,45.423515,48.402326,48.692743,97.848456,
79,0.991588,0.982461,0.986222,0.991667,0.995104,2.166212,2.166212,0.852343,0.988962,0.993869,0.995686,45.033894,47.487264,47.932510,97.789865,
80,0.991297,0.982163,0.986035,0.991229,0.994871,3.001972,3.001972,0.847428,0.990103,0.994397,0.995946,44.799618,47.394291,47.681874,98.870230,
81,0.992021,0.984198,0.987981,0.991999,0.994883,3.384303,3.384303,0.865691,0.990499,0.994869,0.996515,45.601197,48.217340,48.770670,99.607091,
82,0.990614,0.981189,0.984467,0.990138,0.994852,3.830897,4.919799,0.832110,0.986206,0.993154,0.995320,44.232908,47.243069,47.648623,99.658802,
83,0.991785,0.983008,0.985673,0.992053,0.995524,3.830897,3.830897,0.846440,0.988898,0.994189,0.996186,44.786666,47.128926,47.582270,100.000000,
84,0.990980,0.983702,0.985311,0.990195,0.995012,3.615673,3.972296,0.855670,0.989256,0.994429,0.995940,45.118962,47.717874,48.192935,99.600116,
85,0.990509,0.982254,0.984400,0.990918,0.994335,3.313623,3.615673,0.844007,0.988972,0.994598,0.996865,44.624619,47.239159,47.487264,99.178176,
86,0.990615,0.982805,0.987159,0.989237,0.994747,2.353333,3.313623,0.848293,0.988825,0.993894,0.995588,44.871997,47.255378,47.720368,97.814710,
87,0.990518,0.982025,0.986486,0.989375,0.994870,1.534834,2.353333,0.847278,0.989089,0.994577,0.996560,44.905217,47.297040,47.578044,96.821524,
88,0.991655,0.982494,0.987051,0.992553,0.994857,1.534834,1.534834,0.857855,0.990582,0.995104,0.996796,45.384736,47.820036,48.093267,97.121344,
89,0.990662,0.981563,0.985848,0.991791,0.993702,1.620827,1.839335,0.851081,0.990676,0.994922,0.996219,45.094875,47.291951,47.685584,96.963956,
90,0.990111,0.981976,0.986604,0.990029,0.993293,1.620827,1.620827,0.852951,0.988447,0.993460,0.995206,45.091470,47.670145,47.960101,96.686336,
91,0.990754,0.981307,0.987113,0.991392,0.993785,1.796058,1.796058,0.852587,0.987573,0.993485,0.995754,44.993017,47.384467,47.701699,97.099816,
92,0.991002,0.982692,0.988028,0.990978,0.994040,2.019669,2.019669,0.844448,0.986640,0.992784,0.995278,44.522415,47.530625,47.629649,97.373506,
93,0.990721,0.982757,0.987081,0.990830,0.993798,2.175490,2.175490,0.852024,0.987108,0.993025,0.995332,44.782225,47.775597,48.206864,97.537361,
94,0.987619,0.980770,0.981604,0.987655,0.991394,1.414410,2.601469,0.840813,0.984065,0.991953,0.994132,44.176150,47.367185,47.745385,95.693023,
95,0.990312,0.983979,0.985788,0.990241,0.993412,1.163860,1.414410,0.862330,0.988265,0.993515,0.995592,45.390841,48.109607,48.417676,96.155215,
96,0.992282,0.983967,0.988125,0.992613,0.995420,1.163860,1.163860,0.868388,0.990933,0.995163,0.996467,45.772201,48.073605,48.460355,96.742856,
97,0.990977,0.985263,0.986514,0.990230,0.994407,1.209212,1.209212,0.854831,0.989074,0.994061,0.995731,45.176295,47.519298,48.143159,96.399544,
98,0.992321,0.985111,0.987566,0.993008,0.995153,1.322873,1.322873,0.860748,0.990284,0.995084,0.996687,45.418098,47.703562,48.059422,96.973607,
99,0.990607,0.982031,0.987262,0.990566,0.993772,1.347425,1.347425,0.847440,0.988824,0.993663,0.995541,44.834373,47.450773,48.058074,96.468187,
100,0.992305,0.985290,0.986428,0.993363,0.995287,1.173215,1.453520,0.876132,0.991172,0.995261,0.996524,45.931276,48.444854,48.858928,96.771866,
101,0.991533,0.982968,0.987743,0.991967,0.994581,1.173215,1.173215,0.868636,0.989982,0.994965,0.996761,45.420760,48.434550,48.739016,96.601806,
102,0.990142,0.981830,0.984682,0.989624,0.994443,1.232220,1.232220,0.843522,0.987056,0.993026,0.995672,44.441206,46.865509,47.023015,96.186558,
103,0.992255,0.983162,0.987411,0.992413,0.996000,1.105332,1.260038,0.863679,0.989557,0.994749,0.996364,45.414705,47.689917,48.194326,96.624099,
104,0.991187,0.981398,0.986814,0.991292,0.994924,1.105332,1.105332,0.857340,0.990340,0.995023,0.996812,45.270254,47.423896,47.951542,96.442629,
105,0.991639,0.984476,0.987106,0.991066,0.995287,0.785656,1.845743,0.867269,0.991254,0.995551,0.997086,45.714448,47.701699,47.930546,96.163302,
106,0.991663,0.983712,0.988842,0.990650,0.995194,0.785656,0.785656,0.865567,0.990330,0.994918,0.996664,45.561754,47.546174,48.036558,96.101581,
107,0.992295,0.984672,0.988308,0.992896,0.995011,1.186973,1.186973,0.863660,0.990976,0.995662,0.996906,45.452367,47.595581,48.116433,96.833613,
108,0.992428,0.982710,0.988244,0.992214,0.996230,1.359262,1.529080,0.861819,0.991429,0.995648,0.997200,45.469882,47.662754,47.871387,97.117868,
109,0.991739,0.984245,0.987158,0.992308,0.994622,0.862517,1.359262,0.864162,0.991783,0.995719,0.996642,45.586960,47.480767,48.070224,96.262785,
110,0.992538,0.985385,0.987700,0.993064,0.995459,0.862517,0.862517,0.873659,0.992569,0.995950,0.997115,46.112950,47.756690,48.090550,96.490066,
111,0.992213,0.983740,0.987594,0.992342,0.995617,1.222578,1.222578,0.870852,0.991559,0.994990,0.996538,45.856640,48.867041,49.220486,96.807873,
112,0.991352,0.982838,0.985795,0.991736,0.994920,1.874789,1.987386,0.854589,0.989596,0.994253,0.995889,45.123675,47.807929,48.187377,97.390208,
113,0.991408,0.983011,0.985304,0.992264,0.994843,1.538220,1.874789,0.852878,0.987664,0.993432,0.996251,44.971935,47.848204,48.120534,96.938155,
114,0.991821,0.983766,0.986493,0.991970,0.995413,1.538220,1.538220,0.854069,0.988560,0.993690,0.995487,44.950543,47.443746,47.884967,96.983320,
115,0.990137,0.982698,0.985249,0.991598,0.992580,1.899056,1.899056,0.846695,0.988829,0.993703,0.995090,44.724122,47.382159,48.098707,97.062613,
116,0.990106,0.981517,0.983572,0.989672,0.994804,2.616460,2.822761,0.846414,0.988532,0.993999,0.995945,44.787698,47.305534,47.649850,98.079937,
117,0.991703,0.984959,0.987393,0.993313,0.993727,2.276496,2.616460,0.870645,0.989935,0.994571,0.996221,45.643225,48.565893,48.692743,98.047049,
118,0.991669,0.985087,0.988510,0.991955,0.994196,2.223845,2.276496,0.866407,0.989848,0.994257,0.996495,45.572009,48.512430,48.834679,97.975497,
119,0.991161,0.983217,0.987091,0.991905,0.994002,1.528529,2.223845,0.852384,0.988012,0.993553,0.995386,45.010524,47.763613,47.821312,96.809222,
120,0.990660,0.983348,0.985715,0.991455,0.993649,1.528529,1.528529,0.853559,0.988146,0.993511,0.995688,45.004347,47.463686,47.782550,96.722991,
121,0.991209,0.981560,0.987126,0.991719,0.994628,1.826890,1.826890,0.853002,0.988549,0.994427,0.996625,44.827239,47.627206,48.044614,97.356741,
122,0.990298,0.982825,0.985817,0.989849,0.994033,2.215120,2.654641,0.844895,0.987828,0.993817,0.995931,44.552832,47.192520,47.367760,97.581802,
123,0.989864,0.982408,0.984863,0.990525,0.993002,2.067143,2.215120,0.841260,0.988135,0.993822,0.995966,44.398261,47.228009,47.584688,97.295641,
124,0.990104,0.981754,0.984754,0.990915,0.993414,2.067143,2.067143,0.847416,0.987634,0.993401,0.995788,44.543070,46.732847,47.486673,97.314048,
125,0.990748,0.981880,0.986223,0.991095,0.994215,2.274670,2.337447,0.845885,0.987553,0.993516,0.995483,44.592559,47.079682,47.468980,97.708007,
126,0.991500,0.981975,0.985991,0.992422,0.995130,1.848424,2.274670,0.848676,0.988745,0.994140,0.996439,44.733282,47.300435,47.722239,97.420999,
127,0.992143,0.982669,0.988280,0.992439,0.995542,1.741419,1.848424,0.857379,0.990619,0.994946,0.996617,45.210625,47.670145,47.775597,97.481297,
128,0.991202,0.981472,0.987257,0.991282,0.994772,1.741419,1.741419,0.851625,0.990027,0.994699,0.996132,44.921965,47.621107,48.042598,97.221560,
129,0.991400,0.982335,0.986401,0.992031,0.994775,1.271578,2.143877,0.850813,0.988734,0.994394,0.996817,44.776918,47.584688,47.734109,96.674919,
130,0.990670,0.981066,0.986146,0.990622,0.994460,1.271578,1.271578,0.850210,0.986405,0.992323,0.995008,44.676676,47.608325,47.865579,96.266804,
131,0.991612,0.982906,0.987250,0.992534,0.994468,1.608721,1.608721,0.860953,0.990179,0.994559,0.995872,45.325860,47.815571,48.382670,97.110532,
132,0.991711,0.982834,0.986516,0.992554,0.994918,0.954166,1.863452,0.863431,0.990814,0.995148,0.996506,45.492131,47.616233,48.033875,96.338330,
133,0.993044,0.986560,0.988490,0.993481,0.995806,0.954166,0.954166,0.884207,0.992531,0.996037,0.997156,46.441884,48.823409,48.878425,96.732224,
134,0.992480,0.983676,0.987589,0.993281,0.995648,1.114537,1.114537,0.865254,0.991676,0.995594,0.996742,45.519941,47.567796,48.031195,96.764462,
135,0.990660,0.980734,0.985530,0.989857,0.995300,1.353675,1.353675,0.849747,0.988628,0.994021,0.996197,44.765849,47.671995,48.098027,96.555702,
136,0.992895,0.985126,0.989080,0.992625,0.996167,1.226120,1.669822,0.876673,0.991688,0.995574,0.997094,46.029869,48.578793,48.879239,97.033806,
137,0.991751,0.984562,0.987033,0.992089,0.994787,1.226120,1.226120,0.873793,0.990689,0.994839,0.996601,45.783066,48.573477,48.889023,96.706181,
138,0.991542,0.983000,0.986838,0.992318,0.994552,1.279552,1.295776,0.859072,0.988851,0.993884,0.995429,45.156207,47.725360,47.868159,96.583994,
139,0.992383,0.984710,0.987990,0.992460,0.995593,0.933398,1.279552,0.878164,0.992300,0.995772,0.997362,46.159173,48.585638,48.808962,96.562639,
140,0.991652,0.983404,0.987773,0.991338,0.995094,0.933398,0.933398,0.874783,0.991254,0.995103,0.996630,45.977474,48.604707,49.075809,96.308836,
141,0.991668,0.983388,0.986518,0.991628,0.995412,1.081744,1.875609,0.856348,0.990056,0.994658,0.996228,45.115451,47.754175,48.220138,96.451490,
142,0.992132,0.984169,0.987856,0.992609,0.995109,0.700340,1.081744,0.865828,0.990933,0.995202,0.996898,45.556351,47.813022,48.121218,96.123649,
143,0.993150,0.985903,0.989715,0.993336,0.995872,0.700340,0.700340,0.883260,0.993460,0.996313,0.997451,46.470084,48.351548,48.663199,96.453389,
144,0.991938,0.984297,0.988312,0.992829,0.994321,0.868770,0.986740,0.873236,0.992187,0.995943,0.997023,45.958312,48.003150,48.341463,96.357907,
145,0.991901,0.984908,0.988144,0.991854,0.994853,0.868770,0.868770,0.870609,0.991279,0.995443,0.997212,45.752435,47.788881,48.022495,96.337774,
146,0.992125,0.984016,0.987830,0.991701,0.995800,0.665201,1.053577,0.863672,0.990034,0.994710,0.996933,45.411772,47.610757,47.948255,96.050985,
147,0.990522,0.983052,0.985870,0.990889,0.993623,0.665201,0.665201,0.863537,0.989633,0.994199,0.995842,45.421678,47.863645,48.058074,95.589650,
148,0.990532,0.981427,0.984854,0.991068,0.994231,0.891201,1.957079,0.851042,0.988971,0.993879,0.996260,44.927206,47.722239,48.101429,95.911073,
149,0.991636,0.980924,0.985549,0.992381,0.995687,0.891201,0.891201,0.859175,0.991188,0.995234,0.996858,45.285713,47.695494,48.093947,96.271285,
150,0.992057,0.984148,0.988378,0.991984,0.995212,1.032979,1.794518,0.874612,0.991264,0.994863,0.996302,45.921992,48.688844,49.060499,96.494023,
151,0.992260,0.985424,0.989553,0.992338,0.994704,0.909132,1.032979,0.881457,0.991399,0.995694,0.997410,46.219225,48.698207,49.073254,96.499351,
152,0.993465,0.987455,0.990204,0.994344,0.995357,0.719506,0.909132,0.885668,0.992216,0.995801,0.997020,46.435501,48.448540,48.903739,96.484428,
153,0.992278,0.985142,0.987801,0.992495,0.995343,0.719506,0.719506,0.870194,0.990243,0.994614,0.996136,45.619805,47.888856,47.927275,96.090581,
154,0.992106,0.985429,0.988727,0.990857,0.995699,0.805098,0.805098,0.883711,0.990847,0.994918,0.996632,46.205564,48.777824,49.186265,96.225969,
155,0.993184,0.985617,0.989993,0.993594,0.995728,1.053517,1.064617,0.886583,0.993037,0.996043,0.997080,46.631696,48.532683,48.833873,96.893845,
156,0.992335,0.984360,0.987830,0.993229,0.995116,0.904823,1.053517,0.869348,0.992081,0.995722,0.997437,45.810297,47.587711,48.131489,96.515137,
157,0.992378,0.983715,0.988239,0.993565,0.994975,0.904823,0.904823,0.867472,0.991863,0.995730,0.997263,45.776185,47.534209,48.099387,96.509664,
158,0.991602,0.981672,0.987357,0.991482,0.995421,1.031257,1.031257,0.860413,0.990140,0.994901,0.996736,45.366472,47.769916,48.014480,96.421727,
159,0.990927,0.981642,0.986718,0.991228,0.994259,1.791347,1.914143,0.851306,0.989116,0.994113,0.995657,44.929911,47.660908,48.265150,97.158764,
160,0.991617,0.983717,0.987693,0.991334,0.994981,0.754680,1.791347,0.863779,0.990948,0.995333,0.996612,45.551334,47.638207,47.905093,96.067431,
161,0.991112,0.982022,0.986698,0.991518,0.994446,0.754680,0.754680,0.859133,0.990623,0.995245,0.996639,45.252200,47.730357,48.217340,95.953885,
162,0.991981,0.982428,0.986581,0.992619,0.995576,1.044076,2.344682,0.858873,0.991385,0.995553,0.997230,45.290344,47.785714,48.074958,96.596407,
163,0.991692,0.982465,0.987055,0.992428,0.994865,1.044076,1.044076,0.856524,0.990171,0.994379,0.995742,45.189594,47.460748,48.047975,96.355588,
164,0.990531,0.980135,0.985753,0.991181,0.994089,2.125875,2.218083,0.851156,0.989468,0.994193,0.995907,44.897316,47.721615,48.117800,97.540040,
165,0.992232,0.983905,0.988254,0.992707,0.995138,1.456308,2.125875,0.864924,0.989018,0.994221,0.995927,45.247963,47.470746,48.146597,97.027205,
166,0.991087,0.982396,0.987842,0.989313,0.995377,1.456308,1.456308,0.857248,0.988239,0.994040,0.995885,44.787698,47.471924,48.126693,96.760633,
167,0.989601,0.980750,0.984800,0.990296,0.992811,1.673759,1.673759,0.845973,0.985804,0.992685,0.994722,44.297218,47.204687,47.879142,96.557832,
168,0.989199,0.980222,0.983319,0.988321,0.993878,1.931310,1.967718,0.842446,0.986840,0.993240,0.995327,44.135804,47.562380,47.975947,96.888140,
169,0.991095,0.983297,0.987372,0.991687,0.993795,1.580916,1.931310,0.853241,0.988325,0.993696,0.995308,44.878880,46.960268,47.973302,96.866221,
170,0.991232,0.982883,0.987658,0.991911,0.993899,1.580916,1.580916,0.852866,0.989226,0.994149,0.995552,44.907175,47.218554,48.074958,96.940302,
171,0.991244,0.980323,0.985589,0.992143,0.995073,2.320510,2.425481,0.840757,0.988583,0.994124,0.996296,44.346406,46.879874,47.468392,97.972462,
172,0.990850,0.981348,0.984452,0.990680,0.995409,2.320510,2.320510,0.838343,0.987340,0.993924,0.996317,44.221400,46.902545,47.639431,97.872124,
173,0.989457,0.978862,0.981596,0.990349,0.994225,3.783883,3.864429,0.822370,0.985054,0.992685,0.995373,43.374812,46.603636,47.248100,99.316429,
174,0.987690,0.980147,0.982494,0.987832,0.991122,3.318402,3.783883,0.817865,0.983686,0.992106,0.994946,43.029140,46.272293,47.156223,98.262689,
175,0.989801,0.980259,0.984830,0.989342,0.994026,3.318402,3.318402,0.826350,0.983549,0.992283,0.995281,43.358963,46.155040,47.377546,98.762621,
176,0.990492,0.979788,0.985552,0.991677,0.993809,3.360862,3.360862,0.824872,0.983777,0.991617,0.995308,43.218536,45.725563,47.173784,98.941365,
177,0.989514,0.980240,0.983523,0.990007,0.993345,3.738367,3.738367,0.813886,0.983122,0.991658,0.994692,42.832355,45.630487,46.767262,99.155866,
178,0.989393,0.979254,0.981709,0.990839,0.993189,4.968286,5.446186,0.799872,0.980149,0.990495,0.994151,42.149234,44.886992,46.886560,100.000000,
179,0.989218,0.978750,0.984016,0.989471,0.993002,4.538462,4.968286,0.806858,0.983465,0.991994,0.995325,42.421538,44.924830,46.646281,100.000000,
180,0.989131,0.978253,0.982336,0.988945,0.993717,4.538462,4.538462,0.801225,0.979950,0.989637,0.993669,42.162178,44.652146,46.629755,99.893339,
181,0.988559,0.978986,0.981371,0.989708,0.992297,5.169214,5.169214,0.798177,0.980766,0.990440,0.993210,42.025778,44.620265,46.750769,100.000000,
182,0.989264,0.978639,0.982727,0.989292,0.993915,6.426453,6.426453,0.796886,0.982415,0.991381,0.994517,42.018054,44.206310,46.055721,100.000000,
183,0.987979,0.976037,0.981360,0.987521,0.993295,5.105124,8.662288,0.797973,0.981996,0.991124,0.994700,41.859148,44.447806,46.550436,100.000000,
184,0.988679,0.976052,0.980856,0.988753,0.994130,5.105124,5.105124,0.808621,0.984188,0.992443,0.995631,42.023090,44.184982,46.574319,100.000000,
185,0.988514,0.976475,0.980936,0.987649,0.994160,7.959460,7.959460,0.802258,0.983715,0.992161,0.995601,42.046752,44.917956,46.854255,100.000000,
186,0.989000,0.976758,0.982168,0.989414,0.993881,10.034147,10.034147,0.799386,0.983829,0.992364,0.994876,41.894999,44.643540,46.103162,100.000000,
187,0.987807,0.977071,0.980438,0.988201,0.992600,7.295723,10.210482,0.798703,0.981710,0.990471,0.994144,41.901894,44.505129,45.921785,100.000000,
188,0.986941,0.973437,0.982655,0.987370,0.991451,5.219625,7.295723,0.776214,0.979798,0.990295,0.993942,40.976072,43.282370,45.193426,100.000000,
189,0.987207,0.976080,0.981612,0.986918,0.992151,5.219625,5.219625,0.798485,0.980170,0.990446,0.993649,41.649622,44.514360,46.211067,100.000000,
190,0.986900,0.976971,0.982614,0.985014,0.992268,7.187324,7.187324,0.787209,0.979601,0.990250,0.994099,41.312334,44.320531,46.018054,100.000000,
191,0.987324,0.974750,0.978450,0.986452,0.994606,7.775769,8.536098,0.774607,0.977739,0.989509,0.993902,40.667427,43.545856,45.912727,100.000000,
192,0.988153,0.975921,0.981436,0.988475,0.993328,6.386274,7.775769,0.792346,0.981263,0.991501,0.994401,41.471506,44.383991,46.234036,100.000000,
193,0.987255,0.974283,0.978842,0.987863,0.993226,6.386274,6.386274,0.786557,0.979790,0.991044,0.994344,41.019178,43.553972,45.701207,100.000000,
194,0.986192,0.973427,0.978077,0.987472,0.991480,6.709858,6.709858,0.764693,0.973015,0.986760,0.992208,40.350491,43.215772,44.920573,100.000000,
195,0.984833,0.972568,0.976813,0.985632,0.990366,6.713710,6.713710,0.756136,0.971676,0.986172,0.991211,40.248455,43.207601,44.072342,100.000000,
196,0.982876,0.968665,0.972755,0.983198,0.990130,7.098114,7.890913,0.738787,0.970008,0.985523,0.991255,39.894853,42.807234,44.201870,100.000000,
197,0.985358,0.971845,0.977515,0.986616,0.990710,6.097723,7.098114,0.761543,0.974941,0.987358,0.991634,40.385657,43.551822,44.932700,100.000000,
198,0.986767,0.976990,0.978179,0.986605,0.992769,6.097723,6.097723,0.781321,0.977272,0.989167,0.993042,41.136240,43.894570,45.273271,100.000000,
199,0.986764,0.976746,0.978810,0.986300,0.992877,6.596663,6.610044,0.776238,0.975957,0.988252,0.992688,40.971489,44.278827,45.542355,100.000000,
200,0.987195,0.978860,0.980041,0.988391,0.991262,6.180718,6.596663,0.782365,0.979574,0.989702,0.993006,41.184295,44.523909,45.915196,100.000000,
201,0.987189,0.976416,0.978839,0.987887,0.992764,5.686044,6.180718,0.776399,0.976592,0.988389,0.992923,40.914515,43.939772,45.373459,100.000000,
202,0.986963,0.975811,0.979709,0.987842,0.991952,5.686044,5.686044,0.781590,0.978214,0.989188,0.993421,41.009691,44.272056,45.736213,100.000000,
203,0.987272,0.974797,0.978527,0.988418,0.992891,5.961751,6.130065,0.779623,0.977569,0.989329,0.993239,40.943989,43.875745,45.047437,100.000000,
204,0.987540,0.974318,0.980882,0.988706,0.992423,4.627029,5.961751,0.767497,0.977726,0.989361,0.992999,40.556175,43.724286,45.044742,99.558223,
205,0.987654,0.977478,0.978812,0.989356,0.992379,4.582970,4.627029,0.800041,0.979943,0.989923,0.993531,41.694081,45.249904,46.938857,99.627068,
206,0.988868,0.978701,0.981985,0.989310,0.993632,4.044930,4.582970,0.804444,0.982601,0.990970,0.993941,41.882176,44.968624,46.795898,99.306646,
207,0.989766,0.978882,0.982656,0.990733,0.994435,4.044930,4.044930,0.818405,0.985418,0.992746,0.995739,42.405505,45.033978,46.694762,99.749257,
208,0.988542,0.977274,0.982367,0.989378,0.993066,4.481834,5.008618,0.807389,0.983039,0.991810,0.995327,42.025484,45.213338,47.037379,99.941937,
209,0.988789,0.977733,0.982158,0.987971,0.994756,4.290977,4.481834,0.819102,0.986147,0.993135,0.995482,42.503821,44.980554,46.800437,99.849543,
210,0.988031,0.975429,0.980743,0.988584,0.993518,3.860543,4.290977,0.802253,0.983428,0.992169,0.994953,41.665990,43.851625,46.211508,99.026199,
211,0.988843,0.978340,0.983585,0.989100,0.993215,3.850619,3.860543,0.815865,0.984565,0.992484,0.994900,42.349965,44.742304,46.683941,99.214289,
212,0.990096,0.978384,0.983821,0.992474,0.993605,3.114795,3.850619,0.815900,0.985321,0.992575,0.995101,42.504055,45.117078,46.875252,98.566432,
213,0.990255,0.980144,0.983807,0.991739,0.994090,3.021879,3.114795,0.815314,0.984940,0.992777,0.995409,42.231887,45.068382,46.832343,98.512571,
214,0.989339,0.978787,0.982702,0.989738,0.994093,3.021879,3.021879,0.813063,0.984842,0.992784,0.995305,42.198401,45.185418,46.942505,98.303029,
215,0.989971,0.978264,0.983988,0.990568,0.994654,3.373285,3.373285,0.817486,0.985903,0.993408,0.995893,42.313809,44.950460,46.751766,98.976773,
216,0.988833,0.977889,0.982028,0.989713,0.993441,3.564478,3.650529,0.810458,0.983998,0.992333,0.994908,41.790352,44.763402,47.163897,98.833934,
217,0.988879,0.977746,0.982839,0.989202,0.993635,3.125722,3.564478,0.817031,0.983984,0.992058,0.995131,42.177075,44.701346,46.733344,98.287676,
218,0.990094,0.980754,0.982052,0.991583,0.994298,3.125722,3.125722,0.834013,0.986907,0.993776,0.995431,42.942093,45.253083,47.079144,98.676109,
219,0.988681,0.978329,0.981972,0.987116,0.994808,3.054700,3.620371,0.821308,0.985034,0.992386,0.995114,42.423748,45.078552,46.758258,98.172734,
220,0.989806,0.976769,0.982211,0.991323,0.994625,3.054700,3.054700,0.828580,0.986564,0.993660,0.995779,42.719155,45.285357,47.263229,98.539631,
221,0.989416,0.978274,0.983002,0.989844,0.994223,4.494313,4.494313,0.821370,0.986230,0.993437,0.995616,42.499929,45.190987,46.970226,100.000000,
222,0.987777,0.975972,0.981274,0.989257,0.991938,4.016572,4.850382,0.808074,0.982678,0.991276,0.994419,42.143101,45.025252,47.106670,99.086497,
223,0.989778,0.978190,0.982802,0.991074,0.994149,4.016572,4.016572,0.815817,0.985091,0.992673,0.995654,42.258225,44.354299,46.860902,99.702225,
224,0.988966,0.976756,0.981999,0.989646,0.993878,3.752434,4.047297,0.821222,0.985359,0.992797,0.995325,42.570845,45.534431,47.183142,99.170800,
225,0.989242,0.978343,0.980698,0.990067,0.994370,3.752434,3.752434,0.813034,0.984118,0.992397,0.995407,41.764719,43.989937,47.219665,99.209005,
226,0.989751,0.977345,0.983758,0.990480,0.994313,5.608157,5.608157,0.808415,0.984998,0.992706,0.995556,41.734361,44.384570,47.064641,100.000000,
227,0.988252,0.975154,0.980091,0.988236,0.994294,6.829923,8.049237,0.808372,0.983682,0.991883,0.994884,41.760448,44.727564,47.058211,100.000000,
228,0.988292,0.977715,0.983119,0.988757,0.992230,5.755462,6.829923,0.820671,0.985660,0.993054,0.995331,42.274612,44.920246,47.329976,100.000000,
229,0.988326,0.974859,0.980939,0.989187,0.993495,4.399558,5.755462,0.795530,0.982424,0.991740,0.994967,41.286209,44.678998,47.382159,99.747600,
230,0.988522,0.975873,0.980770,0.990108,0.993293,3.659101,4.399558,0.799305,0.984065,0.992413,0.995571,41.423219,43.476299,46.778794,98.938732,
231,0.988453,0.975556,0.980316,0.988564,0.994291,3.659101,3.659101,0.796272,0.982369,0.992213,0.995202,41.264083,43.527293,46.910301,98.875860,
232,0.988143,0.977834,0.980283,0.987941,0.993553,3.615996,5.047795,0.801688,0.982088,0.991349,0.995037,41.419892,43.502430,46.940420,98.702263,
233,0.989483,0.979651,0.982373,0.990420,0.993718,3.615996,3.615996,0.811465,0.983422,0.991962,0.995067,41.642962,44.040154,46.928451,99.036086,
234,0.989275,0.975255,0.983132,0.989934,0.994215,5.488455,5.504041,0.798927,0.982409,0.991529,0.994504,41.427134,43.903366,46.812564,100.000000,
235,0.989220,0.978839,0.981219,0.990285,0.993746,2.881855,5.488455,0.807800,0.982545,0.991699,0.994933,41.837168,44.940256,47.327126,98.005080,
236,0.989125,0.978717,0.982443,0.989119,0.993893,2.865647,2.881855,0.808011,0.983097,0.991643,0.994854,41.767053,43.987032,47.177635,97.957058,
237,0.988028,0.977969,0.980744,0.988709,0.992499,2.865647,2.865647,0.809220,0.982507,0.991659,0.994800,41.823591,44.334807,46.914443,97.711462,
238,0.988951,0.979480,0.981743,0.988200,0.994348,3.650262,3.650262,0.811545,0.982719,0.991703,0.995186,42.043882,44.153323,46.832851,98.958456,
239,0.988460,0.977740,0.982235,0.988792,0.992908,5.081716,5.081716,0.811146,0.984339,0.992555,0.995015,41.968554,44.838867,47.258180,100.000000,
240,0.988315,0.978542,0.981697,0.988855,0.992579,4.089979,5.230822,0.806802,0.981003,0.990874,0.994303,41.794932,45.007852,47.349972,99.261797,
241,0.988570,0.978158,0.980696,0.989007,0.993511,4.089979,4.089979,0.812511,0.983318,0.991808,0.994461,41.864003,44.608065,47.016647,99.386325,
242,0.989543,0.979270,0.980894,0.990373,0.994661,3.643226,4.794571,0.815146,0.983397,0.991779,0.994881,42.209958,44.766876,46.939378,99.062801,
243,0.988998,0.979392,0.982275,0.990236,0.992865,3.643226,3.643226,0.813794,0.982125,0.991823,0.994934,42.006870,43.980701,46.994429,98.943127,
244,0.990079,0.979775,0.984042,0.990572,0.994309,3.729913,5.269763,0.809686,0.985238,0.992503,0.995079,42.079510,44.341104,46.927932,99.345269,
245,0.988442,0.978382,0.981579,0.987352,0.994135,3.729913,3.729913,0.799078,0.981574,0.990286,0.993609,41.755549,44.122165,46.490356,98.747382,
246,0.988286,0.978528,0.982059,0.989272,0.992154,3.545962,4.201064,0.807749,0.981242,0.990491,0.993574,42.111918,44.694505,47.185898,98.487212,
247,0.989347,0.978936,0.982923,0.990879,0.992950,2.938840,3.545962,0.815206,0.983458,0.991817,0.994625,42.471297,44.520027,46.925334,98.093794,
248,0.989720,0.980606,0.983012,0.990218,0.993939,2.938840,2.938840,0.815698,0.983284,0.991762,0.994658,42.516550,44.543370,46.953468,98.174953,
249,0.989906,0.981441,0.984584,0.990727,0.993243,2.624998,3.328722,0.818036,0.981179,0.989761,0.993164,42.479779,44.713187,46.970226,97.589813,
250,0.988690,0.980738,0.983641,0.989664,0.991711,2.624998,2.624998,0.817887,0.982823,0.991162,0.994142,42.376075,44.419133,47.107753,97.472923,
251,0.988391,0.976844,0.984270,0.988461,0.992611,2.651783,2.651783,0.812009,0.981333,0.990146,0.992882,42.165692,44.675594,47.263791,97.287615,
252,0.989704,0.980575,0.984189,0.990703,0.993237,2.846853,2.846853,0.810995,0.981931,0.990980,0.994356,42.119510,44.949142,47.362014,97.985180,
253,0.989231,0.980126,0.983980,0.990507,0.992438,2.912992,2.912992,0.811108,0.980439,0.989807,0.993146,42.256364,44.851412,47.310638,97.811335,
254,0.988226,0.979026,0.982978,0.987702,0.992901,2.940396,3.547418,0.806701,0.981199,0.990525,0.994943,41.965072,44.398769,47.099637,97.805370,
255,0.989247,0.980811,0.983687,0.989065,0.993508,2.936472,2.940396,0.815570,0.981527,0.990866,0.994665,42.251404,44.484950,46.911853,98.020735,
256,0.988843,0.979258,0.983864,0.989662,0.992408,2.936472,2.936472,0.811094,0.981427,0.990724,0.993996,42.206409,44.764665,47.190312,97.870580,
257,0.990223,0.981272,0.984973,0.991224,0.993548,2.501669,2.964507,0.826556,0.984996,0.992594,0.994878,42.909374,45.392026,47.609541,97.782664,
258,0.989908,0.981415,0.984983,0.990871,0.992973,2.501669,2.501669,0.824164,0.985048,0.992317,0.994909,42.740550,45.013867,47.426810,97.703642,
259,0.989315,0.979091,0.984748,0.989803,0.992985,3.219912,3.219912,0.817052,0.983094,0.991030,0.994035,42.563706,45.295336,47.460748,98.366659,
260,0.989265,0.977963,0.982554,0.990254,0.993702,2.492217,3.270064,0.813372,0.983668,0.991492,0.994861,42.283163,45.178466,47.394291,97.500750,
261,0.990292,0.979420,0.984720,0.990524,0.994598,1.942245,2.492217,0.823075,0.984304,0.992751,0.995840,42.622548,44.666323,47.189760,97.144908,
262,0.989632,0.982366,0.984638,0.989603,0.993121,1.756503,1.942245,0.829925,0.985780,0.992766,0.995615,42.938826,44.736339,47.226896,96.746799,
263,0.990247,0.980486,0.986154,0.989931,0.994156,1.756503,1.756503,0.827223,0.985093,0.992616,0.995015,42.868168,44.715372,47.421567,96.822633,
264,0.990871,0.981375,0.985625,0.991534,0.994478,1.913864,2.664870,0.825746,0.986914,0.994106,0.996619,42.763693,44.899351,47.274470,97.369789,
265,0.990071,0.981426,0.983481,0.990017,0.994495,1.913864,1.913864,0.834424,0.986051,0.993087,0.995937,43.129707,45.055195,47.327126,97.092056,
266,0.990381,0.981952,0.985038,0.990974,0.993853,2.048134,2.071790,0.833751,0.986803,0.993476,0.995902,43.143000,45.182288,47.068397,97.354575,
267,0.989401,0.981622,0.984450,0.988601,0.993594,2.043250,2.048134,0.827167,0.986092,0.993290,0.996262,42.867811,45.102377,47.343678,97.150213,
268,0.989364,0.980233,0.983300,0.989138,0.993908,1.934267,2.043250,0.826646,0.986071,0.993659,0.996515,42.809951,44.475487,47.234138,97.035468,
269,0.989839,0.979412,0.983828,0.991315,0.993420,1.934267,1.934267,0.829460,0.987055,0.993740,0.996168,42.878330,44.872077,47.041644,97.120083,
270,0.990019,0.980963,0.984543,0.990309,0.993940,2.211642,2.211642,0.839300,0.986433,0.993376,0.995769,43.294395,45.952808,47.272782,97.475095,
271,0.990299,0.981061,0.983091,0.990573,0.994875,2.455146,2.455146,0.835834,0.987750,0.994031,0.996404,43.147731,45.798662,47.539589,97.941290,
272,0.989952,0.979206,0.983990,0.990249,0.994435,2.919422,2.919422,0.832894,0.988287,0.994181,0.995981,43.032529,45.964031,47.514537,98.445677,
273,0.989369,0.979080,0.982575,0.989309,0.994316,2.781668,3.017274,0.823754,0.986657,0.993648,0.995806,42.628723,44.629131,46.777790,98.089538,
274,0.988931,0.976608,0.981786,0.989152,0.994184,2.781668,2.781668,0.808681,0.984263,0.992255,0.995284,41.862870,44.268112,46.402457,97.873494,
275,0.988908,0.976762,0.982725,0.990217,0.992855,3.435800,3.435800,0.815801,0.985353,0.992920,0.995502,42.235413,44.439301,46.431096,98.768155,
276,0.988855,0.976043,0.980574,0.989133,0.994434,3.500111,3.515571,0.802991,0.983746,0.992508,0.995100,41.696534,44.214092,46.204464,98.774863,
277,0.989090,0.977481,0.980858,0.989820,0.993999,3.500111,3.500111,0.810843,0.985131,0.993141,0.995712,42.025904,44.276287,46.240241,98.913785,
278,0.989377,0.977365,0.983123,0.989157,0.994321,3.349555,4.271338,0.817117,0.986192,0.993681,0.995939,42.255699,44.765928,46.438982,98.833533,
279,0.989279,0.979189,0.982428,0.990024,0.993403,3.349555,3.349555,0.833443,0.987194,0.993518,0.995889,42.907778,45.713761,47.117513,98.814056,
280,0.989085,0.978217,0.981612,0.989365,0.993996,5.682720,5.682720,0.815994,0.985153,0.993059,0.995782,42.205183,45.188202,46.966554,100.000000,
281,0.987728,0.975286,0.982059,0.988561,0.991755,5.263920,6.501303,0.801062,0.982361,0.991053,0.993982,41.753615,44.593470,46.269613,100.000000,
282,0.987892,0.977389,0.980710,0.988314,0.992533,5.263920,5.263920,0.812802,0.983653,0.992245,0.994754,41.994088,45.037675,46.993374,100.000000,
283,0.987842,0.976415,0.980197,0.988491,0.992828,5.408003,5.520404,0.806792,0.983659,0.992084,0.995071,41.798160,44.960028,47.281229,100.000000,
284,0.985519,0.976025,0.978034,0.985953,0.990145,5.408003,5.408003,0.785215,0.979470,0.990364,0.994001,40.812188,43.588035,46.068492,100.000000,
285,0.987233,0.975675,0.978464,0.988747,0.991913,6.927385,6.927385,0.796613,0.981805,0.990870,0.993554,41.527447,44.371282,46.211948,100.000000,
286,0.987243,0.973859,0.981642,0.988478,0.991502,6.744778,7.960264,0.789052,0.982276,0.991579,0.994506,41.192818,43.528481,45.883623,100.000000,
287,0.987715,0.975643,0.982395,0.988525,0.991948,6.362809,6.744778,0.797258,0.983268,0.992135,0.994578,41.477871,43.605650,45.968195,100.000000,
288,0.986998,0.972412,0.980941,0.987628,0.992240,5.876600,6.362809,0.793970,0.981886,0.991367,0.994313,41.488550,44.329662,46.731357,100.000000,
289,0.988350,0.975369,0.980019,0.990240,0.993176,5.565368,5.876600,0.803438,0.983142,0.991677,0.994442,41.723883,43.990466,46.983889,100.000000,
290,0.988488,0.976637,0.982330,0.989725,0.992705,5.565368,5.565368,0.805903,0.983772,0.992336,0.994980,41.966025,45.068720,46.904612,100.000000,
291,0.989301,0.975951,0.979927,0.991078,0.994582,6.085072,6.658689,0.798689,0.984013,0.992950,0.995978,41.464928,44.435202,46.664826,100.000000,
292,0.988647,0.978518,0.982636,0.988282,0.993564,6.085072,6.085072,0.819221,0.985770,0.993299,0.995730,42.446832,44.541270,46.645307,100.000000,
293,0.988211,0.976233,0.980128,0.988184,0.994248,5.992026,6.626917,0.805966,0.984419,0.992583,0.994954,42.000475,44.569555,47.096395,100.000000,
294,0.988968,0.977301,0.980452,0.989106,0.994788,5.992026,5.992026,0.812875,0.985722,0.993652,0.996066,42.274568,44.739164,46.682959,100.000000,
295,0.989594,0.978505,0.982665,0.990208,0.994315,5.957008,6.201046,0.819101,0.985911,0.993400,0.995931,42.563991,44.797311,46.630240,100.000000,
296,0.987578,0.975525,0.981115,0.988914,0.991859,5.482876,5.957008,0.798356,0.983164,0.991877,0.994704,41.683428,44.436958,46.351651,100.000000,
297,0.987450,0.977641,0.980079,0.986512,0.993300,5.482876,5.482876,0.812344,0.982881,0.991678,0.994834,42.377624,44.666323,46.782813,100.000000,
298,0.988300,0.976523,0.982033,0.988798,0.993321,3.682685,5.580064,0.801674,0.981832,0.990088,0.992961,42.091907,44.366382,46.199628,98.597672,
299,0.988030,0.976038,0.980430,0.990427,0.992307,3.682685,3.682685,0.800322,0.981042,0.990064,0.992423,41.960683,44.745446,46.729371,98.490364,
300,0.988240,0.977102,0.981493,0.989393,0.992877,3.731966,5.040329,0.804610,0.982664,0.991295,0.994064,42.095150,44.569555,46.763758,98.795307,
301,0.987205,0.974935,0.979456,0.988936,0.992285,3.731966,3.731966,0.795715,0.981893,0.990916,0.994110,41.660231,43.944998,46.059123,98.547893,
302,0.988284,0.977574,0.982708,0.989618,0.992264,4.819759,4.819759,0.808287,0.982563,0.991155,0.993732,41.991170,44.619654,46.970750,100.000000,
303,0.987315,0.976501,0.980378,0.988913,0.991450,5.138334,5.564544,0.797835,0.980931,0.991146,0.994266,41.498809,44.283630,46.585830,100.000000,
304,0.988059,0.977105,0.980673,0.988296,0.993395,5.138334,5.138334,0.814057,0.981596,0.990532,0.993513,41.994631,44.428183,46.922220,100.000000,
305,0.986989,0.976329,0.979172,0.988400,0.991819,5.058483,5.554625,0.801920,0.981907,0.990825,0.994124,41.856238,44.445165,46.875765,100.000000,
306,0.987426,0.979673,0.979328,0.987501,0.992510,5.058483,5.058483,0.808623,0.981657,0.990893,0.994516,42.140253,44.831807,47.124575,100.000000,
307,0.987466,0.975667,0.980202,0.987452,0.993090,5.445008,5.683533,0.802978,0.981686,0.990982,0.994064,41.936454,44.918283,46.907714,100.000000,
308,0.987498,0.976708,0.978853,0.989084,0.992169,5.445008,5.445008,0.798329,0.980732,0.990562,0.993347,41.685914,44.446045,46.979155,100.000000,
309,0.986662,0.974269,0.979650,0.987996,0.991555,5.861073,5.861073,0.782590,0.980788,0.991096,0.994782,41.214166,44.435787,46.060400,100.000000,
310,0.985031,0.974640,0.975918,0.986165,0.990405,6.719962,6.773355,0.780940,0.978023,0.988957,0.992383,40.971126,43.840381,45.780671,100.000000,
311,0.984121,0.972372,0.976217,0.986379,0.988355,6.719962,6.719962,0.776274,0.976354,0.987560,0.991692,40.885110,43.867519,45.743723,100.000000,
312,0.985951,0.973035,0.977175,0.987255,0.991659,6.724322,7.240965,0.776412,0.975499,0.987515,0.991586,40.734005,43.700002,45.354972,100.000000,
313,0.985310,0.974345,0.978750,0.984778,0.991068,6.472562,6.724322,0.779810,0.978278,0.988774,0.992206,41.054947,43.921271,45.426824,100.000000,
314,0.986064,0.970707,0.979172,0.988299,0.990875,5.259357,6.472562,0.778483,0.979329,0.989119,0.992424,40.686306,43.720561,45.668812,99.980190,
315,0.987822,0.976633,0.981112,0.988441,0.992896,4.262444,5.259357,0.804698,0.981543,0.990529,0.993531,41.831821,44.943216,46.830818,99.296628,
316,0.986735,0.974399,0.979897,0.987478,0.991995,4.083200,4.262444,0.804766,0.980825,0.990176,0.993453,41.780295,44.918610,46.671678,98.806194,
317,0.987639,0.974774,0.981028,0.987486,0.993333,3.731649,4.083200,0.799925,0.982441,0.991433,0.994541,41.804584,44.541270,46.077881,98.704584,
318,0.989289,0.977144,0.982236,0.989361,0.994665,3.234066,3.731649,0.809893,0.983961,0.992028,0.994991,42.178163,45.467097,47.005524,98.501573,
319,0.989380,0.976995,0.982054,0.989978,0.994499,3.234066,3.234066,0.813222,0.983811,0.992009,0.994494,42.432182,45.953638,47.363737,98.481449,
320,0.988006,0.978729,0.981226,0.989048,0.991935,3.734746,3.761340,0.811524,0.983840,0.992422,0.995278,42.457354,46.078736,47.304967,98.904543,
321,0.988635,0.977902,0.979395,0.990078,0.993476,3.149093,3.734746,0.815913,0.985782,0.993055,0.995580,42.687578,45.974031,47.083989,98.353376,
322,0.988535,0.977014,0.980321,0.989853,0.993265,2.717630,3.149093,0.811502,0.985456,0.993183,0.995630,42.661089,45.604740,47.045380,97.779628,
323,0.988491,0.977283,0.981225,0.989409,0.992959,2.717630,2.717630,0.808830,0.986141,0.993392,0.996011,42.607535,45.459309,46.432950,97.812686,
324,0.989186,0.976329,0.980494,0.990254,0.994348,3.147095,3.438192,0.812679,0.985633,0.993185,0.995994,42.558811,45.669590,47.063033,98.508168,
325,0.988289,0.978419,0.982494,0.988343,0.992503,2.654929,3.147095,0.817808,0.984394,0.992413,0.994640,42.806177,46.170288,47.078606,97.527285,
326,0.988433,0.977604,0.979378,0.988544,0.994022,2.654929,2.654929,0.812637,0.985581,0.993154,0.995423,42.610370,45.586769,47.015586,97.658887,
327,0.988642,0.977976,0.982311,0.989539,0.992597,2.599717,2.982333,0.817057,0.985336,0.992825,0.995179,42.913701,46.093290,47.374666,97.598631,
328,0.989907,0.979771,0.984382,0.990124,0.993931,2.553501,2.599717,0.822205,0.986860,0.993638,0.995995,43.151813,46.027757,47.159511,97.925220,
329,0.990246,0.980338,0.984087,0.990268,0.994675,2.553501,2.553501,0.828516,0.987187,0.993518,0.995620,43.327211,45.797861,47.356276,97.967395,
330,0.990773,0.980900,0.984381,0.991074,0.995135,2.696551,2.696551,0.832254,0.988811,0.994726,0.996699,43.459550,45.884848,47.138734,98.419156,
331,0.990067,0.977520,0.982380,0.991036,0.995061,2.709564,2.844743,0.824031,0.987861,0.994019,0.995809,43.113107,45.873013,46.906162,98.171118,
332,0.990301,0.979278,0.984720,0.991247,0.994092,2.709564,2.709564,0.835657,0.988463,0.993909,0.995347,43.661501,46.104882,47.144738,98.187579,
